tx_hash,entry_id,date,platform,category,description,posting_status,type,account_key,gl_acct_number,gl_acct_name,amount,asset,eth_usd_price,amount_usd,in_coa
0xb16a2469c46234198fad56a7e1c2c94044c4fa5cb1be515443b58c059a021546,erc20_out_0xb16a24_USDC,2026-01-16T21:29:23+00:00,generic,ERC20_TRANSFER,USDC sent: 125.000000,review_queue,DEBIT,miscellaneous_expense,80100,Miscellaneous expense,125.0,USDC,3297.51,125.0,True
0xb16a2469c46234198fad56a7e1c2c94044c4fa5cb1be515443b58c059a021546,erc20_out_0xb16a24_USDC,2026-01-16T21:29:23+00:00,generic,ERC20_TRANSFER,USDC sent: 125.000000,review_queue,CREDIT,digital_assets_usdc,10100,Digital Assets - USDC,125.0,USDC,3297.51,125.0,True
0xb16a2469c46234198fad56a7e1c2c94044c4fa5cb1be515443b58c059a021546,gas_0xb16a24,2026-01-16T21:29:23+00:00,generic,ERC20_TRANSFER,Gas fee for USDC transfer,auto_post,DEBIT,gas_fee_expense,80001,Gas fee expense,7.393952e-06,ETH,3297.51,0.024381630659520002,True
0xb16a2469c46234198fad56a7e1c2c94044c4fa5cb1be515443b58c059a021546,gas_0xb16a24,2026-01-16T21:29:23+00:00,generic,ERC20_TRANSFER,Gas fee for USDC transfer,auto_post,CREDIT,digital_assets_eth,10200,Digital Assets - ETH,7.393952e-06,ETH,3297.51,0.024381630659520002,True
0x09ab5635dca1e0bdf394ed9c65dd0f6e1ade42c9641211a05bc42ecb8cb730e4,erc20_out_0x09ab56_USDC,2026-01-16T21:28:59+00:00,generic,ERC20_TRANSFER,USDC sent: 125.000000,review_queue,DEBIT,miscellaneous_expense,80100,Miscellaneous expense,125.0,USDC,3297.51,125.0,True
0x09ab5635dca1e0bdf394ed9c65dd0f6e1ade42c9641211a05bc42ecb8cb730e4,erc20_out_0x09ab56_USDC,2026-01-16T21:28:59+00:00,generic,ERC20_TRANSFER,USDC sent: 125.000000,review_queue,CREDIT,digital_assets_usdc,10100,Digital Assets - USDC,125.0,USDC,3297.51,125.0,True
0x09ab5635dca1e0bdf394ed9c65dd0f6e1ade42c9641211a05bc42ecb8cb730e4,gas_0x09ab56,2026-01-16T21:28:59+00:00,generic,ERC20_TRANSFER,Gas fee for USDC transfer,auto_post,DEBIT,gas_fee_expense,80001,Gas fee expense,8.273312e-06,ETH,3297.51,0.02728132905312,True
0x09ab5635dca1e0bdf394ed9c65dd0f6e1ade42c9641211a05bc42ecb8cb730e4,gas_0x09ab56,2026-01-16T21:28:59+00:00,generic,ERC20_TRANSFER,Gas fee for USDC transfer,auto_post,CREDIT,digital_assets_eth,10200,Digital Assets - ETH,8.273312e-06,ETH,3297.51,0.02728132905312,True
0x266633ee8aad8ad5b114e45382e8f9ac8f3ff7f9df051e82c85930f399bacb00,erc20_out_0x266633_USDC,2026-01-16T21:28:11+00:00,generic,ERC20_TRANSFER,USDC sent: 125.000000,review_queue,DEBIT,miscellaneous_expense,80100,Miscellaneous expense,125.0,USDC,3297.51,125.0,True
0x266633ee8aad8ad5b114e45382e8f9ac8f3ff7f9df051e82c85930f399bacb00,erc20_out_0x266633_USDC,2026-01-16T21:28:11+00:00,generic,ERC20_TRANSFER,USDC sent: 125.000000,review_queue,CREDIT,digital_assets_usdc,10100,Digital Assets - USDC,125.0,USDC,3297.51,125.0,True
0x266633ee8aad8ad5b114e45382e8f9ac8f3ff7f9df051e82c85930f399bacb00,gas_0x266633,2026-01-16T21:28:11+00:00,generic,ERC20_TRANSFER,Gas fee for USDC transfer,auto_post,DEBIT,gas_fee_expense,80001,Gas fee expense,8.273312e-06,ETH,3297.51,0.02728132905312,True
0x266633ee8aad8ad5b114e45382e8f9ac8f3ff7f9df051e82c85930f399bacb00,gas_0x266633,2026-01-16T21:28:11+00:00,generic,ERC20_TRANSFER,Gas fee for USDC transfer,auto_post,CREDIT,digital_assets_eth,10200,Digital Assets - ETH,8.273312e-06,ETH,3297.51,0.02728132905312,True
0x0085d80bd983b911bc9c4b93203394ea323b81aa84f9195120ae3808b77a0a63,erc20_out_0x0085d8_USDC,2026-01-16T21:27:23+00:00,generic,ERC20_TRANSFER,USDC sent: 125.000000,review_queue,DEBIT,miscellaneous_expense,80100,Miscellaneous expense,125.0,USDC,3297.51,125.0,True
0x0085d80bd983b911bc9c4b93203394ea323b81aa84f9195120ae3808b77a0a63,erc20_out_0x0085d8_USDC,2026-01-16T21:27:23+00:00,generic,ERC20_TRANSFER,USDC sent: 125.000000,review_queue,CREDIT,digital_assets_usdc,10100,Digital Assets - USDC,125.0,USDC,3297.51,125.0,True
0x0085d80bd983b911bc9c4b93203394ea323b81aa84f9195120ae3808b77a0a63,gas_0x0085d8,2026-01-16T21:27:23+00:00,generic,ERC20_TRANSFER,Gas fee for USDC transfer,auto_post,DEBIT,gas_fee_expense,80001,Gas fee expense,8.273312e-06,ETH,3297.51,0.02728132905312,True
0x0085d80bd983b911bc9c4b93203394ea323b81aa84f9195120ae3808b77a0a63,gas_0x0085d8,2026-01-16T21:27:23+00:00,generic,ERC20_TRANSFER,Gas fee for USDC transfer,auto_post,CREDIT,digital_assets_eth,10200,Digital Assets - ETH,8.273312e-06,ETH,3297.51,0.02728132905312,True
0x934f5f233bd1b87e3b08607b9ad856e1fe1c5097513647a68aa3887e13e31585,internal_0x934f5f_USDC,2026-01-16T21:26:35+00:00,generic,ERC20_TRANSFER,Internal USDC transfer: 0xf9b64dc4... -> 0x3b2a51fe...,review_queue,DEBIT,suspense,19999,Suspense,500.0,USDC,3297.51,500.0,True
0x934f5f233bd1b87e3b08607b9ad856e1fe1c5097513647a68aa3887e13e31585,internal_0x934f5f_USDC,2026-01-16T21:26:35+00:00,generic,ERC20_TRANSFER,Internal USDC transfer: 0xf9b64dc4... -> 0x3b2a51fe...,review_queue,CREDIT,suspense,19999,Suspense,500.0,USDC,3297.51,500.0,True
0x934f5f233bd1b87e3b08607b9ad856e1fe1c5097513647a68aa3887e13e31585,gas_0x934f5f,2026-01-16T21:26:35+00:00,generic,ERC20_TRANSFER,Gas fee for USDC transfer,auto_post,DEBIT,gas_fee_expense,80001,Gas fee expense,3.45102912e-06,ETH,3297.51,0.0113798030334912,True
0x934f5f233bd1b87e3b08607b9ad856e1fe1c5097513647a68aa3887e13e31585,gas_0x934f5f,2026-01-16T21:26:35+00:00,generic,ERC20_TRANSFER,Gas fee for USDC transfer,auto_post,CREDIT,digital_assets_eth,10200,Digital Assets - ETH,3.45102912e-06,ETH,3297.51,0.0113798030334912,True
0x79bd311fd259abdcdf80f8ba5bf37096a65b355a7cc81504970fd0172dbaa617,arcade_LoanRepaid_10639_0899a428,2025-11-24T16:01:35+00:00,arcade,LOAN_ORIGINATION,Arcade LoanRepaid - Loan #10639,auto_post,DEBIT,deemed_cash_usd,10000,Deemed cash - USD,2.5595890410958906,WETH,2843.9049006,7279.227817494658,True
0x79bd311fd259abdcdf80f8ba5bf37096a65b355a7cc81504970fd0172dbaa617,arcade_LoanRepaid_10639_0899a428,2025-11-24T16:01:35+00:00,arcade,LOAN_ORIGINATION,Arcade LoanRepaid - Loan #10639,auto_post,CREDIT,loan_receivable_cryptocurrency_weth,13510,Loan receivable - Cryptocurrency - WETH,2.5,WETH,2843.9049006,7109.7622515,True
0x79bd311fd259abdcdf80f8ba5bf37096a65b355a7cc81504970fd0172dbaa617,arcade_LoanRepaid_10639_0899a428,2025-11-24T16:01:35+00:00,arcade,LOAN_ORIGINATION,Arcade LoanRepaid - Loan #10639,auto_post,CREDIT,interest_receivable_cryptocurrency_weth,12510,Interest receivable - Cryptocurrency - WETH,0.0595890410958906,WETH,2843.9049006,169.46556599465808,True
0xd302368bafb8b93489b9174e907dfce2e79f7d4fded68c68c31c55d8339e6eb6,gas_0xd30236,2025-11-10T23:32:23+00:00,generic,CONTRACT_CALL,Gas fee for unknown,auto_post,DEBIT,gas_fee_expense,80001,Gas fee expense,5.3907184289556e-05,ETH,3565.59413272,0.19221114001429662,True
0xd302368bafb8b93489b9174e907dfce2e79f7d4fded68c68c31c55d8339e6eb6,gas_0xd30236,2025-11-10T23:32:23+00:00,generic,CONTRACT_CALL,Gas fee for unknown,auto_post,CREDIT,digital_assets_eth,10200,Digital Assets - ETH,5.3907184289556e-05,ETH,3565.59413272,0.19221114001429662,True
0x73cf3919db7618f1cf6c97be692c764af91131026c4ba77bc5137f02141c09d8,arcade_LoanRepaid_10624_b1f21d1b,2025-11-04T08:24:11+00:00,arcade,LOAN_ORIGINATION,Arcade LoanRepaid - Loan #10624,auto_post,DEBIT,deemed_cash_usd,10000,Deemed cash - USD,1.1339383561643837,WETH,3494.1307,3962.1288221815075,True
0x73cf3919db7618f1cf6c97be692c764af91131026c4ba77bc5137f02141c09d8,arcade_LoanRepaid_10624_b1f21d1b,2025-11-04T08:24:11+00:00,arcade,LOAN_ORIGINATION,Arcade LoanRepaid - Loan #10624,auto_post,CREDIT,loan_receivable_cryptocurrency_weth,13510,Loan receivable - Cryptocurrency - WETH,1.125,WETH,3494.1307,3930.8970375000004,True
0x73cf3919db7618f1cf6c97be692c764af91131026c4ba77bc5137f02141c09d8,arcade_LoanRepaid_10624_b1f21d1b,2025-11-04T08:24:11+00:00,arcade,LOAN_ORIGINATION,Arcade LoanRepaid - Loan #10624,auto_post,CREDIT,interest_receivable_cryptocurrency_weth,12510,Interest receivable - Cryptocurrency - WETH,0.0089383561643837,WETH,3494.1307,31.23178468150734,True
0x73cf3919db7618f1cf6c97be692c764af91131026c4ba77bc5137f02141c09d8,arcade_LoanStarted_10686_e585b126,2025-11-04T08:24:11+00:00,arcade,LOAN_ORIGINATION,Arcade LoanStarted - Loan #10686,auto_post,DEBIT,loan_receivable_cryptocurrency_weth,13510,Loan receivable - Cryptocurrency - WETH,1.125,WETH,3494.1307,3930.8970375000004,True
0x73cf3919db7618f1cf6c97be692c764af91131026c4ba77bc5137f02141c09d8,arcade_LoanStarted_10686_e585b126,2025-11-04T08:24:11+00:00,arcade,LOAN_ORIGINATION,Arcade LoanStarted - Loan #10686,auto_post,CREDIT,deemed_cash_usd,10000,Deemed cash - USD,1.125,WETH,3494.1307,3930.8970375000004,True
0x7a5b2a03de32f85e286ca093ab0e5e4075717b51eabd23a8fbedc475d8789c4f,arcade_LoanRepaid_10632_60f98ffe,2025-11-04T06:39:35+00:00,arcade,LOAN_ORIGINATION,Arcade LoanRepaid - Loan #10632,auto_post,DEBIT,deemed_cash_usd,10000,Deemed cash - USD,1.1389780821917808,WETH,3518.22214,4007.1779057418626,True
0x7a5b2a03de32f85e286ca093ab0e5e4075717b51eabd23a8fbedc475d8789c4f,arcade_LoanRepaid_10632_60f98ffe,2025-11-04T06:39:35+00:00,arcade,LOAN_ORIGINATION,Arcade LoanRepaid - Loan #10632,auto_post,CREDIT,loan_receivable_cryptocurrency_weth,13510,Loan receivable - Cryptocurrency - WETH,1.13,WETH,3518.22214,3975.5910181999993,True
0x7a5b2a03de32f85e286ca093ab0e5e4075717b51eabd23a8fbedc475d8789c4f,arcade_LoanRepaid_10632_60f98ffe,2025-11-04T06:39:35+00:00,arcade,LOAN_ORIGINATION,Arcade LoanRepaid - Loan #10632,auto_post,CREDIT,interest_receivable_cryptocurrency_weth,12510,Interest receivable - Cryptocurrency - WETH,0.0089780821917808,WETH,3518.22214,31.586887541862936,True
0x7a5b2a03de32f85e286ca093ab0e5e4075717b51eabd23a8fbedc475d8789c4f,arcade_LoanStarted_10685_0f764dbf,2025-11-04T06:39:35+00:00,arcade,LOAN_ORIGINATION,Arcade LoanStarted - Loan #10685,auto_post,DEBIT,loan_receivable_cryptocurrency_weth,13510,Loan receivable - Cryptocurrency - WETH,1.13,WETH,3518.22214,3975.5910181999993,True
0x7a5b2a03de32f85e286ca093ab0e5e4075717b51eabd23a8fbedc475d8789c4f,arcade_LoanStarted_10685_0f764dbf,2025-11-04T06:39:35+00:00,arcade,LOAN_ORIGINATION,Arcade LoanStarted - Loan #10685,auto_post,CREDIT,deemed_cash_usd,10000,Deemed cash - USD,1.13,WETH,3518.22214,3975.5910181999993,True
0xc53e4821ff9098790099051b4c867e1fcffbd149a339515b3300fc0e652f7f8c,arcade_LoanRepaid_10627_57d4dfab,2025-11-04T06:06:59+00:00,arcade,LOAN_ORIGINATION,Arcade LoanRepaid - Loan #10627,auto_post,DEBIT,deemed_cash_usd,10000,Deemed cash - USD,1.2095342465753425,WETH,3501.5,4235.184164383561,True
0xc53e4821ff9098790099051b4c867e1fcffbd149a339515b3300fc0e652f7f8c,arcade_LoanRepaid_10627_57d4dfab,2025-11-04T06:06:59+00:00,arcade,LOAN_ORIGINATION,Arcade LoanRepaid - Loan #10627,auto_post,CREDIT,loan_receivable_cryptocurrency_weth,13510,Loan receivable - Cryptocurrency - WETH,1.2,WETH,3501.5,4201.8,True
0xc53e4821ff9098790099051b4c867e1fcffbd149a339515b3300fc0e652f7f8c,arcade_LoanRepaid_10627_57d4dfab,2025-11-04T06:06:59+00:00,arcade,LOAN_ORIGINATION,Arcade LoanRepaid - Loan #10627,auto_post,CREDIT,interest_receivable_cryptocurrency_weth,12510,Interest receivable - Cryptocurrency - WETH,0.009534246575342499,WETH,3501.5,33.38416438356176,True
0xc53e4821ff9098790099051b4c867e1fcffbd149a339515b3300fc0e652f7f8c,arcade_LoanStarted_10684_37dd370e,2025-11-04T06:06:59+00:00,arcade,LOAN_ORIGINATION,Arcade LoanStarted - Loan #10684,auto_post,DEBIT,loan_receivable_cryptocurrency_weth,13510,Loan receivable - Cryptocurrency - WETH,1.2,WETH,3501.5,4201.8,True
0xc53e4821ff9098790099051b4c867e1fcffbd149a339515b3300fc0e652f7f8c,arcade_LoanStarted_10684_37dd370e,2025-11-04T06:06:59+00:00,arcade,LOAN_ORIGINATION,Arcade LoanStarted - Loan #10684,auto_post,CREDIT,deemed_cash_usd,10000,Deemed cash - USD,1.2,WETH,3501.5,4201.8,True
0x155dae13e2f5c583f2846ad311cf68d1d49379a80cc93dd9d5d1839bc163464d,arcade_LoanRepaid_10620_f1b6079c,2025-11-04T05:58:59+00:00,arcade,LOAN_ORIGINATION,Arcade LoanRepaid - Loan #10620,auto_post,DEBIT,deemed_cash_usd,10000,Deemed cash - USD,1.123858904109589,WETH,3501.5,3935.191952739726,True
0x155dae13e2f5c583f2846ad311cf68d1d49379a80cc93dd9d5d1839bc163464d,arcade_LoanRepaid_10620_f1b6079c,2025-11-04T05:58:59+00:00,arcade,LOAN_ORIGINATION,Arcade LoanRepaid - Loan #10620,auto_post,CREDIT,loan_receivable_cryptocurrency_weth,13510,Loan receivable - Cryptocurrency - WETH,1.115,WETH,3501.5,3904.1725,True
0x155dae13e2f5c583f2846ad311cf68d1d49379a80cc93dd9d5d1839bc163464d,arcade_LoanRepaid_10620_f1b6079c,2025-11-04T05:58:59+00:00,arcade,LOAN_ORIGINATION,Arcade LoanRepaid - Loan #10620,auto_post,CREDIT,interest_receivable_cryptocurrency_weth,12510,Interest receivable - Cryptocurrency - WETH,0.008858904109589,WETH,3501.5,31.019452739725885,True
0x155dae13e2f5c583f2846ad311cf68d1d49379a80cc93dd9d5d1839bc163464d,arcade_LoanStarted_10683_9f3d3686,2025-11-04T05:58:59+00:00,arcade,LOAN_ORIGINATION,Arcade LoanStarted - Loan #10683,auto_post,DEBIT,loan_receivable_cryptocurrency_weth,13510,Loan receivable - Cryptocurrency - WETH,1.115,WETH,3501.5,3904.1725,True
0x155dae13e2f5c583f2846ad311cf68d1d49379a80cc93dd9d5d1839bc163464d,arcade_LoanStarted_10683_9f3d3686,2025-11-04T05:58:59+00:00,arcade,LOAN_ORIGINATION,Arcade LoanStarted - Loan #10683,auto_post,CREDIT,deemed_cash_usd,10000,Deemed cash - USD,1.115,WETH,3501.5,3904.1725,True
0x4cceba4f2b0071782b4d69ee13628f235c90442b6c6e133910c2526b63283f70,arcade_LoanRepaid_10621_e8fee032,2025-11-04T04:14:59+00:00,arcade,LOAN_ORIGINATION,Arcade LoanRepaid - Loan #10621,auto_post,DEBIT,deemed_cash_usd,10000,Deemed cash - USD,1.1389780821917808,WETH,3648.21549088,4155.237483224848,True
0x4cceba4f2b0071782b4d69ee13628f235c90442b6c6e133910c2526b63283f70,arcade_LoanRepaid_10621_e8fee032,2025-11-04T04:14:59+00:00,arcade,LOAN_ORIGINATION,Arcade LoanRepaid - Loan #10621,auto_post,CREDIT,loan_receivable_cryptocurrency_weth,13510,Loan receivable - Cryptocurrency - WETH,1.13,WETH,3648.21549088,4122.483504694399,True
0x4cceba4f2b0071782b4d69ee13628f235c90442b6c6e133910c2526b63283f70,arcade_LoanRepaid_10621_e8fee032,2025-11-04T04:14:59+00:00,arcade,LOAN_ORIGINATION,Arcade LoanRepaid - Loan #10621,auto_post,CREDIT,interest_receivable_cryptocurrency_weth,12510,Interest receivable - Cryptocurrency - WETH,0.0089780821917808,WETH,3648.21549088,32.75397853044858,True
0x4cceba4f2b0071782b4d69ee13628f235c90442b6c6e133910c2526b63283f70,arcade_LoanStarted_10682_4470559b,2025-11-04T04:14:59+00:00,arcade,LOAN_ORIGINATION,Arcade LoanStarted - Loan #10682,auto_post,DEBIT,loan_receivable_cryptocurrency_weth,13510,Loan receivable - Cryptocurrency - WETH,1.13,WETH,3648.21549088,4122.483504694399,True
0x4cceba4f2b0071782b4d69ee13628f235c90442b6c6e133910c2526b63283f70,arcade_LoanStarted_10682_4470559b,2025-11-04T04:14:59+00:00,arcade,LOAN_ORIGINATION,Arcade LoanStarted - Loan #10682,auto_post,CREDIT,deemed_cash_usd,10000,Deemed cash - USD,1.13,WETH,3648.21549088,4122.483504694399,True
0xde0ddd88d727a65f40f5fdca98fc6fa1363f46838b1db2978f9567ec2235d6f8,arcade_LoanRepaid_10615_384a7448,2025-11-04T03:54:59+00:00,arcade,LOAN_ORIGINATION,Arcade LoanRepaid - Loan #10615,auto_post,DEBIT,deemed_cash_usd,10000,Deemed cash - USD,1.0785013698630137,WETH,3648.21549088,3934.605404469547,True
0xde0ddd88d727a65f40f5fdca98fc6fa1363f46838b1db2978f9567ec2235d6f8,arcade_LoanRepaid_10615_384a7448,2025-11-04T03:54:59+00:00,arcade,LOAN_ORIGINATION,Arcade LoanRepaid - Loan #10615,auto_post,CREDIT,loan_receivable_cryptocurrency_weth,13510,Loan receivable - Cryptocurrency - WETH,1.07,WETH,3648.21549088,3903.5905752416,True
0xde0ddd88d727a65f40f5fdca98fc6fa1363f46838b1db2978f9567ec2235d6f8,arcade_LoanRepaid_10615_384a7448,2025-11-04T03:54:59+00:00,arcade,LOAN_ORIGINATION,Arcade LoanRepaid - Loan #10615,auto_post,CREDIT,interest_receivable_cryptocurrency_weth,12510,Interest receivable - Cryptocurrency - WETH,0.008501369863013699,WETH,3648.21549088,31.014829227946958,True
0xde0ddd88d727a65f40f5fdca98fc6fa1363f46838b1db2978f9567ec2235d6f8,arcade_LoanStarted_10681_d7ce56ad,2025-11-04T03:54:59+00:00,arcade,LOAN_ORIGINATION,Arcade LoanStarted - Loan #10681,auto_post,DEBIT,loan_receivable_cryptocurrency_weth,13510,Loan receivable - Cryptocurrency - WETH,1.07,WETH,3648.21549088,3903.5905752416,True
0xde0ddd88d727a65f40f5fdca98fc6fa1363f46838b1db2978f9567ec2235d6f8,arcade_LoanStarted_10681_d7ce56ad,2025-11-04T03:54:59+00:00,arcade,LOAN_ORIGINATION,Arcade LoanStarted - Loan #10681,auto_post,CREDIT,deemed_cash_usd,10000,Deemed cash - USD,1.07,WETH,3648.21549088,3903.5905752416,True
0xd89f9d9a66da87a378e6becc11e28840472bcb05750c85bcd29b92e8ffb5d393,arcade_LoanRepaid_10612_3bc74509,2025-11-03T06:33:59+00:00,arcade,LOAN_ORIGINATION,Arcade LoanRepaid - Loan #10612,auto_post,DEBIT,deemed_cash_usd,10000,Deemed cash - USD,1.2165898630136986,WETH,3730.458851,4538.438422516329,True
0xd89f9d9a66da87a378e6becc11e28840472bcb05750c85bcd29b92e8ffb5d393,arcade_LoanRepaid_10612_3bc74509,2025-11-03T06:33:59+00:00,arcade,LOAN_ORIGINATION,Arcade LoanRepaid - Loan #10612,auto_post,CREDIT,loan_receivable_cryptocurrency_weth,13510,Loan receivable - Cryptocurrency - WETH,1.207,WETH,3730.458851,4502.663833157,True
0xd89f9d9a66da87a378e6becc11e28840472bcb05750c85bcd29b92e8ffb5d393,arcade_LoanRepaid_10612_3bc74509,2025-11-03T06:33:59+00:00,arcade,LOAN_ORIGINATION,Arcade LoanRepaid - Loan #10612,auto_post,CREDIT,interest_receivable_cryptocurrency_weth,12510,Interest receivable - Cryptocurrency - WETH,0.0095898630136986,WETH,3730.458851,35.774589359329475,True
0xd89f9d9a66da87a378e6becc11e28840472bcb05750c85bcd29b92e8ffb5d393,arcade_LoanStarted_10677_433b6ad0,2025-11-03T06:33:59+00:00,arcade,LOAN_ORIGINATION,Arcade LoanStarted - Loan #10677,auto_post,DEBIT,loan_receivable_cryptocurrency_weth,13510,Loan receivable - Cryptocurrency - WETH,1.207,WETH,3730.458851,4502.663833157,True
0xd89f9d9a66da87a378e6becc11e28840472bcb05750c85bcd29b92e8ffb5d393,arcade_LoanStarted_10677_433b6ad0,2025-11-03T06:33:59+00:00,arcade,LOAN_ORIGINATION,Arcade LoanStarted - Loan #10677,auto_post,CREDIT,deemed_cash_usd,10000,Deemed cash - USD,1.207,WETH,3730.458851,4502.663833157,True
0x5527de9b8fde1b07df4264879f68f73e270c47bf7b46f9f272519fd51ca80634,arcade_LoanRepaid_10614_4c341b9c,2025-11-03T06:03:35+00:00,arcade,LOAN_ORIGINATION,Arcade LoanRepaid - Loan #10614,auto_post,DEBIT,deemed_cash_usd,10000,Deemed cash - USD,1.0381835616438355,WETH,3730.458851,3872.9010564969503,True
0x5527de9b8fde1b07df4264879f68f73e270c47bf7b46f9f272519fd51ca80634,arcade_LoanRepaid_10614_4c341b9c,2025-11-03T06:03:35+00:00,arcade,LOAN_ORIGINATION,Arcade LoanRepaid - Loan #10614,auto_post,CREDIT,loan_receivable_cryptocurrency_weth,13510,Loan receivable - Cryptocurrency - WETH,1.03,WETH,3730.458851,3842.37261653,True
0x5527de9b8fde1b07df4264879f68f73e270c47bf7b46f9f272519fd51ca80634,arcade_LoanRepaid_10614_4c341b9c,2025-11-03T06:03:35+00:00,arcade,LOAN_ORIGINATION,Arcade LoanRepaid - Loan #10614,auto_post,CREDIT,interest_receivable_cryptocurrency_weth,12510,Interest receivable - Cryptocurrency - WETH,0.0081835616438355,WETH,3730.458851,30.52843996695025,True
0x5527de9b8fde1b07df4264879f68f73e270c47bf7b46f9f272519fd51ca80634,arcade_LoanStarted_10676_38ebbd5a,2025-11-03T06:03:35+00:00,arcade,LOAN_ORIGINATION,Arcade LoanStarted - Loan #10676,auto_post,DEBIT,loan_receivable_cryptocurrency_weth,13510,Loan receivable - Cryptocurrency - WETH,1.03,WETH,3730.458851,3842.37261653,True
0x5527de9b8fde1b07df4264879f68f73e270c47bf7b46f9f272519fd51ca80634,arcade_LoanStarted_10676_38ebbd5a,2025-11-03T06:03:35+00:00,arcade,LOAN_ORIGINATION,Arcade LoanStarted - Loan #10676,auto_post,CREDIT,deemed_cash_usd,10000,Deemed cash - USD,1.03,WETH,3730.458851,3842.37261653,True
0x8aba6b525bbd53e366ad42cdc23df9a403a1033b8c1c0f60dab531046258af0a,arcade_LoanRepaid_10616_87fd5936,2025-11-03T05:34:47+00:00,arcade,LOAN_ORIGINATION,Arcade LoanRepaid - Loan #10616,auto_post,DEBIT,deemed_cash_usd,10000,Deemed cash - USD,1.2227227397260274,WETH,3746.34,4580.735108745205,True
0x8aba6b525bbd53e366ad42cdc23df9a403a1033b8c1c0f60dab531046258af0a,arcade_LoanRepaid_10616_87fd5936,2025-11-03T05:34:47+00:00,arcade,LOAN_ORIGINATION,Arcade LoanRepaid - Loan #10616,auto_post,CREDIT,loan_receivable_cryptocurrency_weth,13510,Loan receivable - Cryptocurrency - WETH,1.215,WETH,3746.34,4551.8031,True
0x8aba6b525bbd53e366ad42cdc23df9a403a1033b8c1c0f60dab531046258af0a,arcade_LoanRepaid_10616_87fd5936,2025-11-03T05:34:47+00:00,arcade,LOAN_ORIGINATION,Arcade LoanRepaid - Loan #10616,auto_post,CREDIT,interest_receivable_cryptocurrency_weth,12510,Interest receivable - Cryptocurrency - WETH,0.007722739726027399,WETH,3746.34,28.932008745205486,True
0x8aba6b525bbd53e366ad42cdc23df9a403a1033b8c1c0f60dab531046258af0a,arcade_LoanStarted_10675_ad08e6d2,2025-11-03T05:34:47+00:00,arcade,LOAN_ORIGINATION,Arcade LoanStarted - Loan #10675,auto_post,DEBIT,loan_receivable_cryptocurrency_weth,13510,Loan receivable - Cryptocurrency - WETH,1.215,WETH,3746.34,4551.8031,True
0x8aba6b525bbd53e366ad42cdc23df9a403a1033b8c1c0f60dab531046258af0a,arcade_LoanStarted_10675_ad08e6d2,2025-11-03T05:34:47+00:00,arcade,LOAN_ORIGINATION,Arcade LoanStarted - Loan #10675,auto_post,CREDIT,deemed_cash_usd,10000,Deemed cash - USD,1.215,WETH,3746.34,4551.8031,True
0x1be634654de60a4c2c724f29263df82b02bf369d05494c85a7509892e572f968,arcade_LoanRepaid_10415_434a044f,2025-11-01T23:38:35+00:00,arcade,LOAN_ORIGINATION,Arcade LoanRepaid - Loan #10415,auto_post,DEBIT,deemed_cash_usd,10000,Deemed cash - USD,0.5703424657534246,WETH,3872.36,2208.5713506849315,True
0x1be634654de60a4c2c724f29263df82b02bf369d05494c85a7509892e572f968,arcade_LoanRepaid_10415_434a044f,2025-11-01T23:38:35+00:00,arcade,LOAN_ORIGINATION,Arcade LoanRepaid - Loan #10415,auto_post,CREDIT,loan_receivable_cryptocurrency_weth,13510,Loan receivable - Cryptocurrency - WETH,0.55,WETH,3872.36,2129.7980000000002,True
0x1be634654de60a4c2c724f29263df82b02bf369d05494c85a7509892e572f968,arcade_LoanRepaid_10415_434a044f,2025-11-01T23:38:35+00:00,arcade,LOAN_ORIGINATION,Arcade LoanRepaid - Loan #10415,auto_post,CREDIT,interest_receivable_cryptocurrency_weth,12510,Interest receivable - Cryptocurrency - WETH,0.020342465753424598,WETH,3872.36,78.77335068493127,True
0x1be634654de60a4c2c724f29263df82b02bf369d05494c85a7509892e572f968,arcade_LoanStarted_10674_828d4f75,2025-11-01T23:38:35+00:00,arcade,LOAN_ORIGINATION,Arcade LoanStarted - Loan #10674,auto_post,DEBIT,loan_receivable_cryptocurrency_weth,13510,Loan receivable - Cryptocurrency - WETH,0.52,WETH,3872.36,2013.6272000000001,True
0x1be634654de60a4c2c724f29263df82b02bf369d05494c85a7509892e572f968,arcade_LoanStarted_10674_828d4f75,2025-11-01T23:38:35+00:00,arcade,LOAN_ORIGINATION,Arcade LoanStarted - Loan #10674,auto_post,CREDIT,deemed_cash_usd,10000,Deemed cash - USD,0.52,WETH,3872.36,2013.6272000000001,True
0xddf73afca2725e59df8a150e9fad52bcedd85b67bcd35e59dd5b308f3e77ef6e,arcade_LoanRepaid_10467_cc3861bf,2025-10-25T16:14:47+00:00,arcade,LOAN_ORIGINATION,Arcade LoanRepaid - Loan #10467,auto_post,DEBIT,deemed_cash_usd,10000,Deemed cash - USD,3.0715068493150683,WETH,3932.31370529,12078.128479453751,True
0xddf73afca2725e59df8a150e9fad52bcedd85b67bcd35e59dd5b308f3e77ef6e,arcade_LoanRepaid_10467_cc3861bf,2025-10-25T16:14:47+00:00,arcade,LOAN_ORIGINATION,Arcade LoanRepaid - Loan #10467,auto_post,CREDIT,loan_receivable_cryptocurrency_weth,13510,Loan receivable - Cryptocurrency - WETH,3.0,WETH,3932.31370529,11796.94111587,True
0xddf73afca2725e59df8a150e9fad52bcedd85b67bcd35e59dd5b308f3e77ef6e,arcade_LoanRepaid_10467_cc3861bf,2025-10-25T16:14:47+00:00,arcade,LOAN_ORIGINATION,Arcade LoanRepaid - Loan #10467,auto_post,CREDIT,interest_receivable_cryptocurrency_weth,12510,Interest receivable - Cryptocurrency - WETH,0.0715068493150683,WETH,3932.31370529,281.18736358374997,True
0xddf73afca2725e59df8a150e9fad52bcedd85b67bcd35e59dd5b308f3e77ef6e,arcade_LoanStarted_10639_ff2b47cd,2025-10-25T16:14:47+00:00,arcade,LOAN_ORIGINATION,Arcade LoanStarted - Loan #10639,auto_post,DEBIT,loan_receivable_cryptocurrency_weth,13510,Loan receivable - Cryptocurrency - WETH,2.5,WETH,3932.31370529,9830.784263225,True
0xddf73afca2725e59df8a150e9fad52bcedd85b67bcd35e59dd5b308f3e77ef6e,arcade_LoanStarted_10639_ff2b47cd,2025-10-25T16:14:47+00:00,arcade,LOAN_ORIGINATION,Arcade LoanStarted - Loan #10639,auto_post,CREDIT,deemed_cash_usd,10000,Deemed cash - USD,2.5,WETH,3932.31370529,9830.784263225,True
0x13523499b980ac7b18b492113beb25f96f95d0488fb7c91a72edc4b026803ee0,gas_0x135234,2025-10-24T03:20:35+00:00,generic,CONTRACT_CALL,Gas fee for unknown,auto_post,DEBIT,gas_fee_expense,80001,Gas fee expense,2.0831519893392e-05,ETH,3888.203634,0.08099719135123007,True
0x13523499b980ac7b18b492113beb25f96f95d0488fb7c91a72edc4b026803ee0,gas_0x135234,2025-10-24T03:20:35+00:00,generic,CONTRACT_CALL,Gas fee for unknown,auto_post,CREDIT,digital_assets_eth,10200,Digital Assets - ETH,2.0831519893392e-05,ETH,3888.203634,0.08099719135123007,True
0xe0aa62a2080fed70d46ecb2e58cd4ccdbe34bd2e5c3c00c811774844f7f8bc7e,arcade_LoanRepaid_10587_7aad2beb,2025-10-24T00:54:23+00:00,arcade,LOAN_ORIGINATION,Arcade LoanRepaid - Loan #10587,auto_post,DEBIT,deemed_cash_usd,10000,Deemed cash - USD,1.1371824657534246,WETH,3875.19701742,4406.806099549993,True
0xe0aa62a2080fed70d46ecb2e58cd4ccdbe34bd2e5c3c00c811774844f7f8bc7e,arcade_LoanRepaid_10587_7aad2beb,2025-10-24T00:54:23+00:00,arcade,LOAN_ORIGINATION,Arcade LoanRepaid - Loan #10587,auto_post,CREDIT,loan_receivable_cryptocurrency_weth,13510,Loan receivable - Cryptocurrency - WETH,1.13,WETH,3875.19701742,4378.972629684599,True
0xe0aa62a2080fed70d46ecb2e58cd4ccdbe34bd2e5c3c00c811774844f7f8bc7e,arcade_LoanRepaid_10587_7aad2beb,2025-10-24T00:54:23+00:00,arcade,LOAN_ORIGINATION,Arcade LoanRepaid - Loan #10587,auto_post,CREDIT,interest_receivable_cryptocurrency_weth,12510,Interest receivable - Cryptocurrency - WETH,0.007182465753424599,WETH,3875.19701742,27.8334698653923,True
0xe0aa62a2080fed70d46ecb2e58cd4ccdbe34bd2e5c3c00c811774844f7f8bc7e,arcade_LoanStarted_10632_5ee01a76,2025-10-24T00:54:23+00:00,arcade,LOAN_ORIGINATION,Arcade LoanStarted - Loan #10632,auto_post,DEBIT,loan_receivable_cryptocurrency_weth,13510,Loan receivable - Cryptocurrency - WETH,1.13,WETH,3875.19701742,4378.972629684599,True
0xe0aa62a2080fed70d46ecb2e58cd4ccdbe34bd2e5c3c00c811774844f7f8bc7e,arcade_LoanStarted_10632_5ee01a76,2025-10-24T00:54:23+00:00,arcade,LOAN_ORIGINATION,Arcade LoanStarted - Loan #10632,auto_post,CREDIT,deemed_cash_usd,10000,Deemed cash - USD,1.13,WETH,3875.19701742,4378.972629684599,True
0xcd0178a2a37632b38fc4a444e0bc94efdc88e286b247802c9bbecb9af2d0af6b,arcade_LoanRepaid_10586_98cfa1c8,2025-10-24T00:54:11+00:00,arcade,LOAN_ORIGINATION,Arcade LoanRepaid - Loan #10586,auto_post,DEBIT,deemed_cash_usd,10000,Deemed cash - USD,1.207627397260274,WETH,3875.19701742,4679.794088017691,True
0xcd0178a2a37632b38fc4a444e0bc94efdc88e286b247802c9bbecb9af2d0af6b,arcade_LoanRepaid_10586_98cfa1c8,2025-10-24T00:54:11+00:00,arcade,LOAN_ORIGINATION,Arcade LoanRepaid - Loan #10586,auto_post,CREDIT,loan_receivable_cryptocurrency_weth,13510,Loan receivable - Cryptocurrency - WETH,1.2,WETH,3875.19701742,4650.236420904,True
0xcd0178a2a37632b38fc4a444e0bc94efdc88e286b247802c9bbecb9af2d0af6b,arcade_LoanRepaid_10586_98cfa1c8,2025-10-24T00:54:11+00:00,arcade,LOAN_ORIGINATION,Arcade LoanRepaid - Loan #10586,auto_post,CREDIT,interest_receivable_cryptocurrency_weth,12510,Interest receivable - Cryptocurrency - WETH,0.007627397260274,WETH,3875.19701742,29.557667113691284,True
0xcd0178a2a37632b38fc4a444e0bc94efdc88e286b247802c9bbecb9af2d0af6b,arcade_LoanStarted_10631_38fd31ee,2025-10-24T00:54:11+00:00,arcade,LOAN_ORIGINATION,Arcade LoanStarted - Loan #10631,auto_post,DEBIT,loan_receivable_cryptocurrency_weth,13510,Loan receivable - Cryptocurrency - WETH,1.2,WETH,3875.19701742,4650.236420904,True
0xcd0178a2a37632b38fc4a444e0bc94efdc88e286b247802c9bbecb9af2d0af6b,arcade_LoanStarted_10631_38fd31ee,2025-10-24T00:54:11+00:00,arcade,LOAN_ORIGINATION,Arcade LoanStarted - Loan #10631,auto_post,CREDIT,deemed_cash_usd,10000,Deemed cash - USD,1.2,WETH,3875.19701742,4650.236420904,True
0x96cdc8b1976c7c8b407780906bca46f8054effcd50846c2a55a4b1b0710e3745,arcade_LoanRepaid_10585_9ebdc22d,2025-10-24T00:53:47+00:00,arcade,LOAN_ORIGINATION,Arcade LoanRepaid - Loan #10585,auto_post,DEBIT,deemed_cash_usd,10000,Deemed cash - USD,1.2176909589041096,WETH,3875.19701742,4718.792372084506,True
0x96cdc8b1976c7c8b407780906bca46f8054effcd50846c2a55a4b1b0710e3745,arcade_LoanRepaid_10585_9ebdc22d,2025-10-24T00:53:47+00:00,arcade,LOAN_ORIGINATION,Arcade LoanRepaid - Loan #10585,auto_post,CREDIT,loan_receivable_cryptocurrency_weth,13510,Loan receivable - Cryptocurrency - WETH,1.21,WETH,3875.19701742,4688.9883910782,True
0x96cdc8b1976c7c8b407780906bca46f8054effcd50846c2a55a4b1b0710e3745,arcade_LoanRepaid_10585_9ebdc22d,2025-10-24T00:53:47+00:00,arcade,LOAN_ORIGINATION,Arcade LoanRepaid - Loan #10585,auto_post,CREDIT,interest_receivable_cryptocurrency_weth,12510,Interest receivable - Cryptocurrency - WETH,0.007690958904109599,WETH,3875.19701742,29.80398100630531,True
0x96cdc8b1976c7c8b407780906bca46f8054effcd50846c2a55a4b1b0710e3745,arcade_LoanStarted_10630_f963c3a4,2025-10-24T00:53:47+00:00,arcade,LOAN_ORIGINATION,Arcade LoanStarted - Loan #10630,auto_post,DEBIT,loan_receivable_cryptocurrency_weth,13510,Loan receivable - Cryptocurrency - WETH,1.21,WETH,3875.19701742,4688.9883910782,True
0x96cdc8b1976c7c8b407780906bca46f8054effcd50846c2a55a4b1b0710e3745,arcade_LoanStarted_10630_f963c3a4,2025-10-24T00:53:47+00:00,arcade,LOAN_ORIGINATION,Arcade LoanStarted - Loan #10630,auto_post,CREDIT,deemed_cash_usd,10000,Deemed cash - USD,1.21,WETH,3875.19701742,4688.9883910782,True
0xcce4f53631262fac5c0e46b77e6ae5df44c76b938fb298da53e6d17955997e31,arcade_LoanRepaid_10583_72082cf9,2025-10-24T00:53:35+00:00,arcade,LOAN_ORIGINATION,Arcade LoanRepaid - Loan #10583,auto_post,DEBIT,deemed_cash_usd,10000,Deemed cash - USD,1.207627397260274,WETH,3875.19701742,4679.794088017691,True
0xcce4f53631262fac5c0e46b77e6ae5df44c76b938fb298da53e6d17955997e31,arcade_LoanRepaid_10583_72082cf9,2025-10-24T00:53:35+00:00,arcade,LOAN_ORIGINATION,Arcade LoanRepaid - Loan #10583,auto_post,CREDIT,loan_receivable_cryptocurrency_weth,13510,Loan receivable - Cryptocurrency - WETH,1.2,WETH,3875.19701742,4650.236420904,True
0xcce4f53631262fac5c0e46b77e6ae5df44c76b938fb298da53e6d17955997e31,arcade_LoanRepaid_10583_72082cf9,2025-10-24T00:53:35+00:00,arcade,LOAN_ORIGINATION,Arcade LoanRepaid - Loan #10583,auto_post,CREDIT,interest_receivable_cryptocurrency_weth,12510,Interest receivable - Cryptocurrency - WETH,0.007627397260274,WETH,3875.19701742,29.557667113691284,True
0xcce4f53631262fac5c0e46b77e6ae5df44c76b938fb298da53e6d17955997e31,arcade_LoanStarted_10628_2995d1ae,2025-10-24T00:53:35+00:00,arcade,LOAN_ORIGINATION,Arcade LoanStarted - Loan #10628,auto_post,DEBIT,loan_receivable_cryptocurrency_weth,13510,Loan receivable - Cryptocurrency - WETH,1.2,WETH,3875.19701742,4650.236420904,True
0xcce4f53631262fac5c0e46b77e6ae5df44c76b938fb298da53e6d17955997e31,arcade_LoanStarted_10628_2995d1ae,2025-10-24T00:53:35+00:00,arcade,LOAN_ORIGINATION,Arcade LoanStarted - Loan #10628,auto_post,CREDIT,deemed_cash_usd,10000,Deemed cash - USD,1.2,WETH,3875.19701742,4650.236420904,True
0x97fcd66ba478f8943e9959dedb1644d75dc3fdb96c74774538d8d66f57d14b1f,arcade_LoanRepaid_10584_3f827e44,2025-10-24T00:53:35+00:00,arcade,LOAN_ORIGINATION,Arcade LoanRepaid - Loan #10584,auto_post,DEBIT,deemed_cash_usd,10000,Deemed cash - USD,1.2146718904109588,WETH,3875.19701742,4707.0928868644605,True
0x97fcd66ba478f8943e9959dedb1644d75dc3fdb96c74774538d8d66f57d14b1f,arcade_LoanRepaid_10584_3f827e44,2025-10-24T00:53:35+00:00,arcade,LOAN_ORIGINATION,Arcade LoanRepaid - Loan #10584,auto_post,CREDIT,loan_receivable_cryptocurrency_weth,13510,Loan receivable - Cryptocurrency - WETH,1.207,WETH,3875.19701742,4677.3628000259405,True
0x97fcd66ba478f8943e9959dedb1644d75dc3fdb96c74774538d8d66f57d14b1f,arcade_LoanRepaid_10584_3f827e44,2025-10-24T00:53:35+00:00,arcade,LOAN_ORIGINATION,Arcade LoanRepaid - Loan #10584,auto_post,CREDIT,interest_receivable_cryptocurrency_weth,12510,Interest receivable - Cryptocurrency - WETH,0.007671890410958799,WETH,3875.19701742,29.730086838520638,True
0x97fcd66ba478f8943e9959dedb1644d75dc3fdb96c74774538d8d66f57d14b1f,arcade_LoanStarted_10629_afae1cce,2025-10-24T00:53:35+00:00,arcade,LOAN_ORIGINATION,Arcade LoanStarted - Loan #10629,auto_post,DEBIT,loan_receivable_cryptocurrency_weth,13510,Loan receivable - Cryptocurrency - WETH,1.207,WETH,3875.19701742,4677.3628000259405,True
0x97fcd66ba478f8943e9959dedb1644d75dc3fdb96c74774538d8d66f57d14b1f,arcade_LoanStarted_10629_afae1cce,2025-10-24T00:53:35+00:00,arcade,LOAN_ORIGINATION,Arcade LoanStarted - Loan #10629,auto_post,CREDIT,deemed_cash_usd,10000,Deemed cash - USD,1.207,WETH,3875.19701742,4677.3628000259405,True
0x45f6ca761066dc7c36f5ea9b6a3e4da2ea6726c1f540c76fece75eb108b47606,arcade_LoanRepaid_10582_5f9a3665,2025-10-24T00:53:23+00:00,arcade,LOAN_ORIGINATION,Arcade LoanRepaid - Loan #10582,auto_post,DEBIT,deemed_cash_usd,10000,Deemed cash - USD,1.207627397260274,WETH,3875.19701742,4679.794088017691,True
0x45f6ca761066dc7c36f5ea9b6a3e4da2ea6726c1f540c76fece75eb108b47606,arcade_LoanRepaid_10582_5f9a3665,2025-10-24T00:53:23+00:00,arcade,LOAN_ORIGINATION,Arcade LoanRepaid - Loan #10582,auto_post,CREDIT,loan_receivable_cryptocurrency_weth,13510,Loan receivable - Cryptocurrency - WETH,1.2,WETH,3875.19701742,4650.236420904,True
0x45f6ca761066dc7c36f5ea9b6a3e4da2ea6726c1f540c76fece75eb108b47606,arcade_LoanRepaid_10582_5f9a3665,2025-10-24T00:53:23+00:00,arcade,LOAN_ORIGINATION,Arcade LoanRepaid - Loan #10582,auto_post,CREDIT,interest_receivable_cryptocurrency_weth,12510,Interest receivable - Cryptocurrency - WETH,0.007627397260274,WETH,3875.19701742,29.557667113691284,True
0x45f6ca761066dc7c36f5ea9b6a3e4da2ea6726c1f540c76fece75eb108b47606,arcade_LoanStarted_10627_0fdc8c51,2025-10-24T00:53:23+00:00,arcade,LOAN_ORIGINATION,Arcade LoanStarted - Loan #10627,auto_post,DEBIT,loan_receivable_cryptocurrency_weth,13510,Loan receivable - Cryptocurrency - WETH,1.2,WETH,3875.19701742,4650.236420904,True
0x45f6ca761066dc7c36f5ea9b6a3e4da2ea6726c1f540c76fece75eb108b47606,arcade_LoanStarted_10627_0fdc8c51,2025-10-24T00:53:23+00:00,arcade,LOAN_ORIGINATION,Arcade LoanStarted - Loan #10627,auto_post,CREDIT,deemed_cash_usd,10000,Deemed cash - USD,1.2,WETH,3875.19701742,4650.236420904,True
0xf73e9a241b6d7b959814182c1cd00632b978b103f59c36e694424d0a65162a9f,arcade_LoanRepaid_10581_d426e28a,2025-10-24T00:53:11+00:00,arcade,LOAN_ORIGINATION,Arcade LoanRepaid - Loan #10581,auto_post,DEBIT,deemed_cash_usd,10000,Deemed cash - USD,1.127118904109589,WETH,3875.19701742,4367.807815483178,True
0xf73e9a241b6d7b959814182c1cd00632b978b103f59c36e694424d0a65162a9f,arcade_LoanRepaid_10581_d426e28a,2025-10-24T00:53:11+00:00,arcade,LOAN_ORIGINATION,Arcade LoanRepaid - Loan #10581,auto_post,CREDIT,loan_receivable_cryptocurrency_weth,13510,Loan receivable - Cryptocurrency - WETH,1.12,WETH,3875.19701742,4340.220659510401,True
0xf73e9a241b6d7b959814182c1cd00632b978b103f59c36e694424d0a65162a9f,arcade_LoanRepaid_10581_d426e28a,2025-10-24T00:53:11+00:00,arcade,LOAN_ORIGINATION,Arcade LoanRepaid - Loan #10581,auto_post,CREDIT,interest_receivable_cryptocurrency_weth,12510,Interest receivable - Cryptocurrency - WETH,0.007118904109588999,WETH,3875.19701742,27.58715597277827,True
0xf73e9a241b6d7b959814182c1cd00632b978b103f59c36e694424d0a65162a9f,arcade_LoanStarted_10626_48634417,2025-10-24T00:53:11+00:00,arcade,LOAN_ORIGINATION,Arcade LoanStarted - Loan #10626,auto_post,DEBIT,loan_receivable_cryptocurrency_weth,13510,Loan receivable - Cryptocurrency - WETH,1.12,WETH,3875.19701742,4340.220659510401,True
0xf73e9a241b6d7b959814182c1cd00632b978b103f59c36e694424d0a65162a9f,arcade_LoanStarted_10626_48634417,2025-10-24T00:53:11+00:00,arcade,LOAN_ORIGINATION,Arcade LoanStarted - Loan #10626,auto_post,CREDIT,deemed_cash_usd,10000,Deemed cash - USD,1.12,WETH,3875.19701742,4340.220659510401,True
0xd6bb174cde84c0dff0499c2b23a84f172047c5acfbee78889d118d8b3a05504f,arcade_LoanRepaid_10580_36efe868,2025-10-24T00:52:59+00:00,arcade,LOAN_ORIGINATION,Arcade LoanRepaid - Loan #10580,auto_post,DEBIT,deemed_cash_usd,10000,Deemed cash - USD,1.1875002739726028,WETH,3875.19701742,4601.797519884063,True
0xd6bb174cde84c0dff0499c2b23a84f172047c5acfbee78889d118d8b3a05504f,arcade_LoanRepaid_10580_36efe868,2025-10-24T00:52:59+00:00,arcade,LOAN_ORIGINATION,Arcade LoanRepaid - Loan #10580,auto_post,CREDIT,loan_receivable_cryptocurrency_weth,13510,Loan receivable - Cryptocurrency - WETH,1.18,WETH,3875.19701742,4572.7324805556,True
0xd6bb174cde84c0dff0499c2b23a84f172047c5acfbee78889d118d8b3a05504f,arcade_LoanRepaid_10580_36efe868,2025-10-24T00:52:59+00:00,arcade,LOAN_ORIGINATION,Arcade LoanRepaid - Loan #10580,auto_post,CREDIT,interest_receivable_cryptocurrency_weth,12510,Interest receivable - Cryptocurrency - WETH,0.0075002739726028,WETH,3875.19701742,29.06503932846323,True
0xd6bb174cde84c0dff0499c2b23a84f172047c5acfbee78889d118d8b3a05504f,arcade_LoanStarted_10625_22698c17,2025-10-24T00:52:59+00:00,arcade,LOAN_ORIGINATION,Arcade LoanStarted - Loan #10625,auto_post,DEBIT,loan_receivable_cryptocurrency_weth,13510,Loan receivable - Cryptocurrency - WETH,1.18,WETH,3875.19701742,4572.7324805556,True
0xd6bb174cde84c0dff0499c2b23a84f172047c5acfbee78889d118d8b3a05504f,arcade_LoanStarted_10625_22698c17,2025-10-24T00:52:59+00:00,arcade,LOAN_ORIGINATION,Arcade LoanStarted - Loan #10625,auto_post,CREDIT,deemed_cash_usd,10000,Deemed cash - USD,1.18,WETH,3875.19701742,4572.7324805556,True
0x1e90e7bfa6de3506a3d440c4feb96b49a15fd88b592ffa24a42d043bf7782177,arcade_LoanRepaid_10576_5dd1ec86,2025-10-24T00:51:23+00:00,arcade,LOAN_ORIGINATION,Arcade LoanRepaid - Loan #10576,auto_post,DEBIT,deemed_cash_usd,10000,Deemed cash - USD,1.1321506849315068,WETH,3875.19701742,4387.3069575165855,True
0x1e90e7bfa6de3506a3d440c4feb96b49a15fd88b592ffa24a42d043bf7782177,arcade_LoanRepaid_10576_5dd1ec86,2025-10-24T00:51:23+00:00,arcade,LOAN_ORIGINATION,Arcade LoanRepaid - Loan #10576,auto_post,CREDIT,loan_receivable_cryptocurrency_weth,13510,Loan receivable - Cryptocurrency - WETH,1.125,WETH,3875.19701742,4359.5966445975,True
0x1e90e7bfa6de3506a3d440c4feb96b49a15fd88b592ffa24a42d043bf7782177,arcade_LoanRepaid_10576_5dd1ec86,2025-10-24T00:51:23+00:00,arcade,LOAN_ORIGINATION,Arcade LoanRepaid - Loan #10576,auto_post,CREDIT,interest_receivable_cryptocurrency_weth,12510,Interest receivable - Cryptocurrency - WETH,0.0071506849315068,WETH,3875.19701742,27.710312919085286,True
0x1e90e7bfa6de3506a3d440c4feb96b49a15fd88b592ffa24a42d043bf7782177,arcade_LoanStarted_10624_b4056ef8,2025-10-24T00:51:23+00:00,arcade,LOAN_ORIGINATION,Arcade LoanStarted - Loan #10624,auto_post,DEBIT,loan_receivable_cryptocurrency_weth,13510,Loan receivable - Cryptocurrency - WETH,1.125,WETH,3875.19701742,4359.5966445975,True
0x1e90e7bfa6de3506a3d440c4feb96b49a15fd88b592ffa24a42d043bf7782177,arcade_LoanStarted_10624_b4056ef8,2025-10-24T00:51:23+00:00,arcade,LOAN_ORIGINATION,Arcade LoanStarted - Loan #10624,auto_post,CREDIT,deemed_cash_usd,10000,Deemed cash - USD,1.125,WETH,3875.19701742,4359.5966445975,True
0x1dc7e0c81c09ccbbe2fd50878aec2627650c1e0e1ddd39faf4b0d57238987551,arcade_LoanRepaid_10579_04a6cd8f,2025-10-24T00:49:59+00:00,arcade,LOAN_ORIGINATION,Arcade LoanRepaid - Loan #10579,auto_post,DEBIT,deemed_cash_usd,10000,Deemed cash - USD,1.1875002739726028,WETH,3853.4245,4575.94264948274,True
0x1dc7e0c81c09ccbbe2fd50878aec2627650c1e0e1ddd39faf4b0d57238987551,arcade_LoanRepaid_10579_04a6cd8f,2025-10-24T00:49:59+00:00,arcade,LOAN_ORIGINATION,Arcade LoanRepaid - Loan #10579,auto_post,CREDIT,loan_receivable_cryptocurrency_weth,13510,Loan receivable - Cryptocurrency - WETH,1.18,WETH,3853.4245,4547.04091,True
0x1dc7e0c81c09ccbbe2fd50878aec2627650c1e0e1ddd39faf4b0d57238987551,arcade_LoanRepaid_10579_04a6cd8f,2025-10-24T00:49:59+00:00,arcade,LOAN_ORIGINATION,Arcade LoanRepaid - Loan #10579,auto_post,CREDIT,interest_receivable_cryptocurrency_weth,12510,Interest receivable - Cryptocurrency - WETH,0.0075002739726028,WETH,3853.4245,28.90173948273996,True
0x1dc7e0c81c09ccbbe2fd50878aec2627650c1e0e1ddd39faf4b0d57238987551,arcade_LoanStarted_10623_0235936e,2025-10-24T00:49:59+00:00,arcade,LOAN_ORIGINATION,Arcade LoanStarted - Loan #10623,auto_post,DEBIT,loan_receivable_cryptocurrency_weth,13510,Loan receivable - Cryptocurrency - WETH,1.18,WETH,3853.4245,4547.04091,True
0x1dc7e0c81c09ccbbe2fd50878aec2627650c1e0e1ddd39faf4b0d57238987551,arcade_LoanStarted_10623_0235936e,2025-10-24T00:49:59+00:00,arcade,LOAN_ORIGINATION,Arcade LoanStarted - Loan #10623,auto_post,CREDIT,deemed_cash_usd,10000,Deemed cash - USD,1.18,WETH,3853.4245,4547.04091,True
0xa27ed41674434886eb07598999547ec6d6d82a7acc9c9141f054dcbece37a426,arcade_LoanRepaid_10578_c3317fbf,2025-10-24T00:49:35+00:00,arcade,LOAN_ORIGINATION,Arcade LoanRepaid - Loan #10578,auto_post,DEBIT,deemed_cash_usd,10000,Deemed cash - USD,1.1975638356164384,WETH,3853.4245,4614.721824478356,True
0xa27ed41674434886eb07598999547ec6d6d82a7acc9c9141f054dcbece37a426,arcade_LoanRepaid_10578_c3317fbf,2025-10-24T00:49:35+00:00,arcade,LOAN_ORIGINATION,Arcade LoanRepaid - Loan #10578,auto_post,CREDIT,loan_receivable_cryptocurrency_weth,13510,Loan receivable - Cryptocurrency - WETH,1.19,WETH,3853.4245,4585.5751549999995,True
0xa27ed41674434886eb07598999547ec6d6d82a7acc9c9141f054dcbece37a426,arcade_LoanRepaid_10578_c3317fbf,2025-10-24T00:49:35+00:00,arcade,LOAN_ORIGINATION,Arcade LoanRepaid - Loan #10578,auto_post,CREDIT,interest_receivable_cryptocurrency_weth,12510,Interest receivable - Cryptocurrency - WETH,0.007563835616438399,WETH,3853.4245,29.14666947835633,True
0xa27ed41674434886eb07598999547ec6d6d82a7acc9c9141f054dcbece37a426,arcade_LoanStarted_10622_1df01038,2025-10-24T00:49:35+00:00,arcade,LOAN_ORIGINATION,Arcade LoanStarted - Loan #10622,auto_post,DEBIT,loan_receivable_cryptocurrency_weth,13510,Loan receivable - Cryptocurrency - WETH,1.19,WETH,3853.4245,4585.5751549999995,True
0xa27ed41674434886eb07598999547ec6d6d82a7acc9c9141f054dcbece37a426,arcade_LoanStarted_10622_1df01038,2025-10-24T00:49:35+00:00,arcade,LOAN_ORIGINATION,Arcade LoanStarted - Loan #10622,auto_post,CREDIT,deemed_cash_usd,10000,Deemed cash - USD,1.19,WETH,3853.4245,4585.5751549999995,True
0xc35ad140c1335bae470b0129310eb46ddb5eb1e4c5e1ab4e5bcca8953d067c1e,arcade_LoanRepaid_10577_1e9ea592,2025-10-24T00:49:23+00:00,arcade,LOAN_ORIGINATION,Arcade LoanRepaid - Loan #10577,auto_post,DEBIT,deemed_cash_usd,10000,Deemed cash - USD,1.1371824657534246,WETH,3853.4245,4382.046774504657,True
0xc35ad140c1335bae470b0129310eb46ddb5eb1e4c5e1ab4e5bcca8953d067c1e,arcade_LoanRepaid_10577_1e9ea592,2025-10-24T00:49:23+00:00,arcade,LOAN_ORIGINATION,Arcade LoanRepaid - Loan #10577,auto_post,CREDIT,loan_receivable_cryptocurrency_weth,13510,Loan receivable - Cryptocurrency - WETH,1.13,WETH,3853.4245,4354.369685,True
0xc35ad140c1335bae470b0129310eb46ddb5eb1e4c5e1ab4e5bcca8953d067c1e,arcade_LoanRepaid_10577_1e9ea592,2025-10-24T00:49:23+00:00,arcade,LOAN_ORIGINATION,Arcade LoanRepaid - Loan #10577,auto_post,CREDIT,interest_receivable_cryptocurrency_weth,12510,Interest receivable - Cryptocurrency - WETH,0.007182465753424599,WETH,3853.4245,27.677089504657307,True
0xc35ad140c1335bae470b0129310eb46ddb5eb1e4c5e1ab4e5bcca8953d067c1e,arcade_LoanStarted_10621_71ec9c97,2025-10-24T00:49:23+00:00,arcade,LOAN_ORIGINATION,Arcade LoanStarted - Loan #10621,auto_post,DEBIT,loan_receivable_cryptocurrency_weth,13510,Loan receivable - Cryptocurrency - WETH,1.13,WETH,3853.4245,4354.369685,True
0xc35ad140c1335bae470b0129310eb46ddb5eb1e4c5e1ab4e5bcca8953d067c1e,arcade_LoanStarted_10621_71ec9c97,2025-10-24T00:49:23+00:00,arcade,LOAN_ORIGINATION,Arcade LoanStarted - Loan #10621,auto_post,CREDIT,deemed_cash_usd,10000,Deemed cash - USD,1.13,WETH,3853.4245,4354.369685,True
0x372879653066330e746e4f5cd6df79e435c57853227b64c84363d419b6795620,arcade_LoanRepaid_10575_cfaacb09,2025-10-24T00:49:11+00:00,arcade,LOAN_ORIGINATION,Arcade LoanRepaid - Loan #10575,auto_post,DEBIT,deemed_cash_usd,10000,Deemed cash - USD,1.1220871232876712,WETH,3853.4245,4323.878012011233,True
0x372879653066330e746e4f5cd6df79e435c57853227b64c84363d419b6795620,arcade_LoanRepaid_10575_cfaacb09,2025-10-24T00:49:11+00:00,arcade,LOAN_ORIGINATION,Arcade LoanRepaid - Loan #10575,auto_post,CREDIT,loan_receivable_cryptocurrency_weth,13510,Loan receivable - Cryptocurrency - WETH,1.115,WETH,3853.4245,4296.5683175,True
0x372879653066330e746e4f5cd6df79e435c57853227b64c84363d419b6795620,arcade_LoanRepaid_10575_cfaacb09,2025-10-24T00:49:11+00:00,arcade,LOAN_ORIGINATION,Arcade LoanRepaid - Loan #10575,auto_post,CREDIT,interest_receivable_cryptocurrency_weth,12510,Interest receivable - Cryptocurrency - WETH,0.0070871232876712,WETH,3853.4245,27.309694511232752,True
0x372879653066330e746e4f5cd6df79e435c57853227b64c84363d419b6795620,arcade_LoanStarted_10620_09f3b409,2025-10-24T00:49:11+00:00,arcade,LOAN_ORIGINATION,Arcade LoanStarted - Loan #10620,auto_post,DEBIT,loan_receivable_cryptocurrency_weth,13510,Loan receivable - Cryptocurrency - WETH,1.115,WETH,3853.4245,4296.5683175,True
0x372879653066330e746e4f5cd6df79e435c57853227b64c84363d419b6795620,arcade_LoanStarted_10620_09f3b409,2025-10-24T00:49:11+00:00,arcade,LOAN_ORIGINATION,Arcade LoanStarted - Loan #10620,auto_post,CREDIT,deemed_cash_usd,10000,Deemed cash - USD,1.115,WETH,3853.4245,4296.5683175,True
0x3936a9a9f762e9ca9be642d87ee1c6ba00b869f23418411104c41770bc71ab38,arcade_LoanRepaid_10574_5790fefb,2025-10-24T00:45:59+00:00,arcade,LOAN_ORIGINATION,Arcade LoanRepaid - Loan #10574,auto_post,DEBIT,deemed_cash_usd,10000,Deemed cash - USD,1.207627397260274,WETH,3853.4245,4653.500999473973,True
0x3936a9a9f762e9ca9be642d87ee1c6ba00b869f23418411104c41770bc71ab38,arcade_LoanRepaid_10574_5790fefb,2025-10-24T00:45:59+00:00,arcade,LOAN_ORIGINATION,Arcade LoanRepaid - Loan #10574,auto_post,CREDIT,loan_receivable_cryptocurrency_weth,13510,Loan receivable - Cryptocurrency - WETH,1.2,WETH,3853.4245,4624.1094,True
0x3936a9a9f762e9ca9be642d87ee1c6ba00b869f23418411104c41770bc71ab38,arcade_LoanRepaid_10574_5790fefb,2025-10-24T00:45:59+00:00,arcade,LOAN_ORIGINATION,Arcade LoanRepaid - Loan #10574,auto_post,CREDIT,interest_receivable_cryptocurrency_weth,12510,Interest receivable - Cryptocurrency - WETH,0.007627397260274,WETH,3853.4245,29.391599473972708,True
0x3936a9a9f762e9ca9be642d87ee1c6ba00b869f23418411104c41770bc71ab38,arcade_LoanStarted_10619_8d3b5131,2025-10-24T00:45:59+00:00,arcade,LOAN_ORIGINATION,Arcade LoanStarted - Loan #10619,auto_post,DEBIT,loan_receivable_cryptocurrency_weth,13510,Loan receivable - Cryptocurrency - WETH,1.2,WETH,3853.4245,4624.1094,True
0x3936a9a9f762e9ca9be642d87ee1c6ba00b869f23418411104c41770bc71ab38,arcade_LoanStarted_10619_8d3b5131,2025-10-24T00:45:59+00:00,arcade,LOAN_ORIGINATION,Arcade LoanStarted - Loan #10619,auto_post,CREDIT,deemed_cash_usd,10000,Deemed cash - USD,1.2,WETH,3853.4245,4624.1094,True
0x1f6a281258bf26d78fdd5f0e3a8d2aaf3fe4f77abd7940340d3bf8541a64d6dd,arcade_LoanRepaid_10573_e1d9a039,2025-10-24T00:45:35+00:00,arcade,LOAN_ORIGINATION,Arcade LoanRepaid - Loan #10573,auto_post,DEBIT,deemed_cash_usd,10000,Deemed cash - USD,1.2277545205479452,WETH,3853.4245,4731.059349465206,True
0x1f6a281258bf26d78fdd5f0e3a8d2aaf3fe4f77abd7940340d3bf8541a64d6dd,arcade_LoanRepaid_10573_e1d9a039,2025-10-24T00:45:35+00:00,arcade,LOAN_ORIGINATION,Arcade LoanRepaid - Loan #10573,auto_post,CREDIT,loan_receivable_cryptocurrency_weth,13510,Loan receivable - Cryptocurrency - WETH,1.22,WETH,3853.4245,4701.17789,True
0x1f6a281258bf26d78fdd5f0e3a8d2aaf3fe4f77abd7940340d3bf8541a64d6dd,arcade_LoanRepaid_10573_e1d9a039,2025-10-24T00:45:35+00:00,arcade,LOAN_ORIGINATION,Arcade LoanRepaid - Loan #10573,auto_post,CREDIT,interest_receivable_cryptocurrency_weth,12510,Interest receivable - Cryptocurrency - WETH,0.007754520547945199,WETH,3853.4245,29.881459465205452,True
0x1f6a281258bf26d78fdd5f0e3a8d2aaf3fe4f77abd7940340d3bf8541a64d6dd,arcade_LoanStarted_10618_a110e92a,2025-10-24T00:45:35+00:00,arcade,LOAN_ORIGINATION,Arcade LoanStarted - Loan #10618,auto_post,DEBIT,loan_receivable_cryptocurrency_weth,13510,Loan receivable - Cryptocurrency - WETH,1.22,WETH,3853.4245,4701.17789,True
0x1f6a281258bf26d78fdd5f0e3a8d2aaf3fe4f77abd7940340d3bf8541a64d6dd,arcade_LoanStarted_10618_a110e92a,2025-10-24T00:45:35+00:00,arcade,LOAN_ORIGINATION,Arcade LoanStarted - Loan #10618,auto_post,CREDIT,deemed_cash_usd,10000,Deemed cash - USD,1.22,WETH,3853.4245,4701.17789,True
0x8389bffd05823f5cb325b54f56bc6564381e3ae0349fef55b713dfe25e028318,arcade_LoanRepaid_10572_40b52d27,2025-10-24T00:45:35+00:00,arcade,LOAN_ORIGINATION,Arcade LoanRepaid - Loan #10572,auto_post,DEBIT,deemed_cash_usd,10000,Deemed cash - USD,1.207627397260274,WETH,3853.4245,4653.500999473973,True
0x8389bffd05823f5cb325b54f56bc6564381e3ae0349fef55b713dfe25e028318,arcade_LoanRepaid_10572_40b52d27,2025-10-24T00:45:35+00:00,arcade,LOAN_ORIGINATION,Arcade LoanRepaid - Loan #10572,auto_post,CREDIT,loan_receivable_cryptocurrency_weth,13510,Loan receivable - Cryptocurrency - WETH,1.2,WETH,3853.4245,4624.1094,True
0x8389bffd05823f5cb325b54f56bc6564381e3ae0349fef55b713dfe25e028318,arcade_LoanRepaid_10572_40b52d27,2025-10-24T00:45:35+00:00,arcade,LOAN_ORIGINATION,Arcade LoanRepaid - Loan #10572,auto_post,CREDIT,interest_receivable_cryptocurrency_weth,12510,Interest receivable - Cryptocurrency - WETH,0.007627397260274,WETH,3853.4245,29.391599473972708,True
0x8389bffd05823f5cb325b54f56bc6564381e3ae0349fef55b713dfe25e028318,arcade_LoanStarted_10617_e0aadc5b,2025-10-24T00:45:35+00:00,arcade,LOAN_ORIGINATION,Arcade LoanStarted - Loan #10617,auto_post,DEBIT,loan_receivable_cryptocurrency_weth,13510,Loan receivable - Cryptocurrency - WETH,1.2,WETH,3853.4245,4624.1094,True
0x8389bffd05823f5cb325b54f56bc6564381e3ae0349fef55b713dfe25e028318,arcade_LoanStarted_10617_e0aadc5b,2025-10-24T00:45:35+00:00,arcade,LOAN_ORIGINATION,Arcade LoanStarted - Loan #10617,auto_post,CREDIT,deemed_cash_usd,10000,Deemed cash - USD,1.2,WETH,3853.4245,4624.1094,True
0xbf60e2b9a3fad1896c35b212f451f5be21cba00104c404c283042807bdaded91,arcade_LoanRepaid_10571_8a746ff9,2025-10-24T00:45:11+00:00,arcade,LOAN_ORIGINATION,Arcade LoanRepaid - Loan #10571,auto_post,DEBIT,deemed_cash_usd,10000,Deemed cash - USD,1.2227227397260274,WETH,3853.4245,4711.669761967398,True
0xbf60e2b9a3fad1896c35b212f451f5be21cba00104c404c283042807bdaded91,arcade_LoanRepaid_10571_8a746ff9,2025-10-24T00:45:11+00:00,arcade,LOAN_ORIGINATION,Arcade LoanRepaid - Loan #10571,auto_post,CREDIT,loan_receivable_cryptocurrency_weth,13510,Loan receivable - Cryptocurrency - WETH,1.215,WETH,3853.4245,4681.9107675000005,True
0xbf60e2b9a3fad1896c35b212f451f5be21cba00104c404c283042807bdaded91,arcade_LoanRepaid_10571_8a746ff9,2025-10-24T00:45:11+00:00,arcade,LOAN_ORIGINATION,Arcade LoanRepaid - Loan #10571,auto_post,CREDIT,interest_receivable_cryptocurrency_weth,12510,Interest receivable - Cryptocurrency - WETH,0.007722739726027399,WETH,3853.4245,29.75899446739727,True
0xbf60e2b9a3fad1896c35b212f451f5be21cba00104c404c283042807bdaded91,arcade_LoanStarted_10616_f624d06f,2025-10-24T00:45:11+00:00,arcade,LOAN_ORIGINATION,Arcade LoanStarted - Loan #10616,auto_post,DEBIT,loan_receivable_cryptocurrency_weth,13510,Loan receivable - Cryptocurrency - WETH,1.215,WETH,3853.4245,4681.9107675000005,True
0xbf60e2b9a3fad1896c35b212f451f5be21cba00104c404c283042807bdaded91,arcade_LoanStarted_10616_f624d06f,2025-10-24T00:45:11+00:00,arcade,LOAN_ORIGINATION,Arcade LoanStarted - Loan #10616,auto_post,CREDIT,deemed_cash_usd,10000,Deemed cash - USD,1.215,WETH,3853.4245,4681.9107675000005,True
0x8fb89aaf02af32044d59050c5437c947c510558376d2dc34c507dcbe3c8a9079,arcade_LoanRepaid_10570_76731ecd,2025-10-24T00:42:59+00:00,arcade,LOAN_ORIGINATION,Arcade LoanRepaid - Loan #10570,auto_post,DEBIT,deemed_cash_usd,10000,Deemed cash - USD,1.076801095890411,WETH,3853.4245,4149.371724530959,True
0x8fb89aaf02af32044d59050c5437c947c510558376d2dc34c507dcbe3c8a9079,arcade_LoanRepaid_10570_76731ecd,2025-10-24T00:42:59+00:00,arcade,LOAN_ORIGINATION,Arcade LoanRepaid - Loan #10570,auto_post,CREDIT,loan_receivable_cryptocurrency_weth,13510,Loan receivable - Cryptocurrency - WETH,1.07,WETH,3853.4245,4123.164215000001,True
0x8fb89aaf02af32044d59050c5437c947c510558376d2dc34c507dcbe3c8a9079,arcade_LoanRepaid_10570_76731ecd,2025-10-24T00:42:59+00:00,arcade,LOAN_ORIGINATION,Arcade LoanRepaid - Loan #10570,auto_post,CREDIT,interest_receivable_cryptocurrency_weth,12510,Interest receivable - Cryptocurrency - WETH,0.006801095890410999,WETH,3853.4245,26.20750953095906,True
0x8fb89aaf02af32044d59050c5437c947c510558376d2dc34c507dcbe3c8a9079,arcade_LoanStarted_10615_562c321b,2025-10-24T00:42:59+00:00,arcade,LOAN_ORIGINATION,Arcade LoanStarted - Loan #10615,auto_post,DEBIT,loan_receivable_cryptocurrency_weth,13510,Loan receivable - Cryptocurrency - WETH,1.07,WETH,3853.4245,4123.164215000001,True
0x8fb89aaf02af32044d59050c5437c947c510558376d2dc34c507dcbe3c8a9079,arcade_LoanStarted_10615_562c321b,2025-10-24T00:42:59+00:00,arcade,LOAN_ORIGINATION,Arcade LoanStarted - Loan #10615,auto_post,CREDIT,deemed_cash_usd,10000,Deemed cash - USD,1.07,WETH,3853.4245,4123.164215000001,True
0x4274aa172fa0adbc88dd1e96fb435cf890f975bbf092054f516e0ac47349ced0,arcade_LoanRepaid_10569_568a963d,2025-10-24T00:42:23+00:00,arcade,LOAN_ORIGINATION,Arcade LoanRepaid - Loan #10569,auto_post,DEBIT,deemed_cash_usd,10000,Deemed cash - USD,1.0365468493150685,WETH,3853.4245,3994.255024548493,True
0x4274aa172fa0adbc88dd1e96fb435cf890f975bbf092054f516e0ac47349ced0,arcade_LoanRepaid_10569_568a963d,2025-10-24T00:42:23+00:00,arcade,LOAN_ORIGINATION,Arcade LoanRepaid - Loan #10569,auto_post,CREDIT,loan_receivable_cryptocurrency_weth,13510,Loan receivable - Cryptocurrency - WETH,1.03,WETH,3853.4245,3969.027235,True
0x4274aa172fa0adbc88dd1e96fb435cf890f975bbf092054f516e0ac47349ced0,arcade_LoanRepaid_10569_568a963d,2025-10-24T00:42:23+00:00,arcade,LOAN_ORIGINATION,Arcade LoanRepaid - Loan #10569,auto_post,CREDIT,interest_receivable_cryptocurrency_weth,12510,Interest receivable - Cryptocurrency - WETH,0.0065468493150685,WETH,3853.4245,25.227789548493178,True
0x4274aa172fa0adbc88dd1e96fb435cf890f975bbf092054f516e0ac47349ced0,arcade_LoanStarted_10614_d8d9584a,2025-10-24T00:42:23+00:00,arcade,LOAN_ORIGINATION,Arcade LoanStarted - Loan #10614,auto_post,DEBIT,loan_receivable_cryptocurrency_weth,13510,Loan receivable - Cryptocurrency - WETH,1.03,WETH,3853.4245,3969.027235,True
0x4274aa172fa0adbc88dd1e96fb435cf890f975bbf092054f516e0ac47349ced0,arcade_LoanStarted_10614_d8d9584a,2025-10-24T00:42:23+00:00,arcade,LOAN_ORIGINATION,Arcade LoanStarted - Loan #10614,auto_post,CREDIT,deemed_cash_usd,10000,Deemed cash - USD,1.03,WETH,3853.4245,3969.027235,True
0x354d3cf05c535206a4e226a5dff0d319d71394a49dff5b3ad0a1f8d30b4b76f2,arcade_LoanRepaid_10568_afdd1734,2025-10-24T00:40:59+00:00,arcade,LOAN_ORIGINATION,Arcade LoanRepaid - Loan #10568,auto_post,DEBIT,deemed_cash_usd,10000,Deemed cash - USD,1.207627397260274,WETH,3853.4245,4653.500999473973,True
0x354d3cf05c535206a4e226a5dff0d319d71394a49dff5b3ad0a1f8d30b4b76f2,arcade_LoanRepaid_10568_afdd1734,2025-10-24T00:40:59+00:00,arcade,LOAN_ORIGINATION,Arcade LoanRepaid - Loan #10568,auto_post,CREDIT,loan_receivable_cryptocurrency_weth,13510,Loan receivable - Cryptocurrency - WETH,1.2,WETH,3853.4245,4624.1094,True
0x354d3cf05c535206a4e226a5dff0d319d71394a49dff5b3ad0a1f8d30b4b76f2,arcade_LoanRepaid_10568_afdd1734,2025-10-24T00:40:59+00:00,arcade,LOAN_ORIGINATION,Arcade LoanRepaid - Loan #10568,auto_post,CREDIT,interest_receivable_cryptocurrency_weth,12510,Interest receivable - Cryptocurrency - WETH,0.007627397260274,WETH,3853.4245,29.391599473972708,True
0x354d3cf05c535206a4e226a5dff0d319d71394a49dff5b3ad0a1f8d30b4b76f2,arcade_LoanStarted_10613_7376ed81,2025-10-24T00:40:59+00:00,arcade,LOAN_ORIGINATION,Arcade LoanStarted - Loan #10613,auto_post,DEBIT,loan_receivable_cryptocurrency_weth,13510,Loan receivable - Cryptocurrency - WETH,1.2,WETH,3853.4245,4624.1094,True
0x354d3cf05c535206a4e226a5dff0d319d71394a49dff5b3ad0a1f8d30b4b76f2,arcade_LoanStarted_10613_7376ed81,2025-10-24T00:40:59+00:00,arcade,LOAN_ORIGINATION,Arcade LoanStarted - Loan #10613,auto_post,CREDIT,deemed_cash_usd,10000,Deemed cash - USD,1.2,WETH,3853.4245,4624.1094,True
0xf886286c076ab94d202e64c673642543d1799db7173a4928ac6ee7171e1a9102,arcade_LoanRepaid_10567_80f227cc,2025-10-24T00:40:47+00:00,arcade,LOAN_ORIGINATION,Arcade LoanRepaid - Loan #10567,auto_post,DEBIT,deemed_cash_usd,10000,Deemed cash - USD,1.2146718904109588,WETH,3853.4245,4680.646421970904,True
0xf886286c076ab94d202e64c673642543d1799db7173a4928ac6ee7171e1a9102,arcade_LoanRepaid_10567_80f227cc,2025-10-24T00:40:47+00:00,arcade,LOAN_ORIGINATION,Arcade LoanRepaid - Loan #10567,auto_post,CREDIT,loan_receivable_cryptocurrency_weth,13510,Loan receivable - Cryptocurrency - WETH,1.207,WETH,3853.4245,4651.083371500001,True
0xf886286c076ab94d202e64c673642543d1799db7173a4928ac6ee7171e1a9102,arcade_LoanRepaid_10567_80f227cc,2025-10-24T00:40:47+00:00,arcade,LOAN_ORIGINATION,Arcade LoanRepaid - Loan #10567,auto_post,CREDIT,interest_receivable_cryptocurrency_weth,12510,Interest receivable - Cryptocurrency - WETH,0.007671890410958799,WETH,3853.4245,29.563050470903704,True
0xf886286c076ab94d202e64c673642543d1799db7173a4928ac6ee7171e1a9102,arcade_LoanStarted_10612_6b9b1d3f,2025-10-24T00:40:47+00:00,arcade,LOAN_ORIGINATION,Arcade LoanStarted - Loan #10612,auto_post,DEBIT,loan_receivable_cryptocurrency_weth,13510,Loan receivable - Cryptocurrency - WETH,1.207,WETH,3853.4245,4651.083371500001,True
0xf886286c076ab94d202e64c673642543d1799db7173a4928ac6ee7171e1a9102,arcade_LoanStarted_10612_6b9b1d3f,2025-10-24T00:40:47+00:00,arcade,LOAN_ORIGINATION,Arcade LoanStarted - Loan #10612,auto_post,CREDIT,deemed_cash_usd,10000,Deemed cash - USD,1.207,WETH,3853.4245,4651.083371500001,True
0x8eead7e9aa79fb217d01679f03fe70345a708767089d7597d28aee0b0ab4e245,arcade_LoanRepaid_10566_9c43d615,2025-10-24T00:40:23+00:00,arcade,LOAN_ORIGINATION,Arcade LoanRepaid - Loan #10566,auto_post,DEBIT,deemed_cash_usd,10000,Deemed cash - USD,1.127118904109589,WETH,3853.4245,4343.267599509041,True
0x8eead7e9aa79fb217d01679f03fe70345a708767089d7597d28aee0b0ab4e245,arcade_LoanRepaid_10566_9c43d615,2025-10-24T00:40:23+00:00,arcade,LOAN_ORIGINATION,Arcade LoanRepaid - Loan #10566,auto_post,CREDIT,loan_receivable_cryptocurrency_weth,13510,Loan receivable - Cryptocurrency - WETH,1.12,WETH,3853.4245,4315.835440000001,True
0x8eead7e9aa79fb217d01679f03fe70345a708767089d7597d28aee0b0ab4e245,arcade_LoanRepaid_10566_9c43d615,2025-10-24T00:40:23+00:00,arcade,LOAN_ORIGINATION,Arcade LoanRepaid - Loan #10566,auto_post,CREDIT,interest_receivable_cryptocurrency_weth,12510,Interest receivable - Cryptocurrency - WETH,0.007118904109588999,WETH,3853.4245,27.432159509040936,True
0x8eead7e9aa79fb217d01679f03fe70345a708767089d7597d28aee0b0ab4e245,arcade_LoanStarted_10611_01994f2c,2025-10-24T00:40:23+00:00,arcade,LOAN_ORIGINATION,Arcade LoanStarted - Loan #10611,auto_post,DEBIT,loan_receivable_cryptocurrency_weth,13510,Loan receivable - Cryptocurrency - WETH,1.12,WETH,3853.4245,4315.835440000001,True
0x8eead7e9aa79fb217d01679f03fe70345a708767089d7597d28aee0b0ab4e245,arcade_LoanStarted_10611_01994f2c,2025-10-24T00:40:23+00:00,arcade,LOAN_ORIGINATION,Arcade LoanStarted - Loan #10611,auto_post,CREDIT,deemed_cash_usd,10000,Deemed cash - USD,1.12,WETH,3853.4245,4315.835440000001,True
0x1eed0315eb0cd5e01ff1350b5f5326258f4ca5626dca990c20f65e62fa9df260,arcade_LoanRepaid_10457_55b6df3d,2025-10-23T20:01:11+00:00,arcade,LOAN_ORIGINATION,Arcade LoanRepaid - Loan #10457,auto_post,DEBIT,deemed_cash_usd,10000,Deemed cash - USD,0.9699109589041096,WETH,3869.23852,3752.816843161918,True
0x1eed0315eb0cd5e01ff1350b5f5326258f4ca5626dca990c20f65e62fa9df260,arcade_LoanRepaid_10457_55b6df3d,2025-10-23T20:01:11+00:00,arcade,LOAN_ORIGINATION,Arcade LoanRepaid - Loan #10457,auto_post,DEBIT,platform_fee_expense_weth,80916,Platform fee expense - Cryptocurrency - WETH,0.003513698630136989,WETH,3869.23852,13.59533808739727,True
0x1eed0315eb0cd5e01ff1350b5f5326258f4ca5626dca990c20f65e62fa9df260,arcade_LoanRepaid_10457_55b6df3d,2025-10-23T20:01:11+00:00,arcade,LOAN_ORIGINATION,Arcade LoanRepaid - Loan #10457,auto_post,CREDIT,loan_receivable_cryptocurrency_weth,13510,Loan receivable - Cryptocurrency - WETH,0.95,WETH,3869.23852,3675.776594,True
0x1eed0315eb0cd5e01ff1350b5f5326258f4ca5626dca990c20f65e62fa9df260,arcade_LoanRepaid_10457_55b6df3d,2025-10-23T20:01:11+00:00,arcade,LOAN_ORIGINATION,Arcade LoanRepaid - Loan #10457,auto_post,CREDIT,interest_receivable_cryptocurrency_weth,12510,Interest receivable - Cryptocurrency - WETH,0.0234246575342466,WETH,3869.23852,90.63558724931517,True
0x1eed0315eb0cd5e01ff1350b5f5326258f4ca5626dca990c20f65e62fa9df260,arcade_LoanStarted_10610_63fe36ee,2025-10-23T20:01:11+00:00,arcade,LOAN_ORIGINATION,Arcade LoanStarted - Loan #10610,auto_post,DEBIT,loan_receivable_cryptocurrency_weth,13510,Loan receivable - Cryptocurrency - WETH,0.75,WETH,3869.23852,2901.92889,True
0x1eed0315eb0cd5e01ff1350b5f5326258f4ca5626dca990c20f65e62fa9df260,arcade_LoanStarted_10610_63fe36ee,2025-10-23T20:01:11+00:00,arcade,LOAN_ORIGINATION,Arcade LoanStarted - Loan #10610,auto_post,CREDIT,deemed_cash_usd,10000,Deemed cash - USD,0.75,WETH,3869.23852,2901.92889,True
0xa31cd07cafd8c5f370f5a95bb554f30f54ac2dfc99c113bf6e0bb3bd435c27cd,internal_0xa31cd0_USDC,2025-10-13T00:22:23+00:00,generic,ERC20_TRANSFER,Internal USDC transfer: 0x3b2a51fe... -> 0xf9b64dc4...,review_queue,DEBIT,suspense,19999,Suspense,3242.637831,USDC,4178.32,3242.637831,True
0xa31cd07cafd8c5f370f5a95bb554f30f54ac2dfc99c113bf6e0bb3bd435c27cd,internal_0xa31cd0_USDC,2025-10-13T00:22:23+00:00,generic,ERC20_TRANSFER,Internal USDC transfer: 0x3b2a51fe... -> 0xf9b64dc4...,review_queue,CREDIT,suspense,19999,Suspense,3242.637831,USDC,4178.32,3242.637831,True
0xa31cd07cafd8c5f370f5a95bb554f30f54ac2dfc99c113bf6e0bb3bd435c27cd,gas_0xa31cd0,2025-10-13T00:22:23+00:00,generic,ERC20_TRANSFER,Gas fee for USDC transfer,auto_post,DEBIT,gas_fee_expense,80001,Gas fee expense,9.529367153748e-05,ETH,4178.32,0.3981674536584834,True
0xa31cd07cafd8c5f370f5a95bb554f30f54ac2dfc99c113bf6e0bb3bd435c27cd,gas_0xa31cd0,2025-10-13T00:22:23+00:00,generic,ERC20_TRANSFER,Gas fee for USDC transfer,auto_post,CREDIT,digital_assets_eth,10200,Digital Assets - ETH,9.529367153748e-05,ETH,4178.32,0.3981674536584834,True
0xfd8a53e5788c58a1f828f4a2df8371fb20b048922f4be594dfda70cff220b295,erc20_in_0xfd8a53_USDC,2025-10-12T19:09:47+00:00,generic,ERC20_TRANSFER,USDC received: 3242.637831,review_queue,DEBIT,digital_assets_usdc,10100,Digital Assets - USDC,3242.637831,USDC,4121.18332428,3242.637831,True
0xfd8a53e5788c58a1f828f4a2df8371fb20b048922f4be594dfda70cff220b295,erc20_in_0xfd8a53_USDC,2025-10-12T19:09:47+00:00,generic,ERC20_TRANSFER,USDC received: 3242.637831,review_queue,CREDIT,other_income,41000,Other income,3242.637831,USDC,4121.18332428,3242.637831,True
0x7d0f05e68f3f11396bd47db0898eda0c2666465b59a79c38f896e3be1a08b538,gas_0x7d0f05,2025-10-12T18:47:59+00:00,generic,CONTRACT_CALL,Gas fee for unknown,auto_post,DEBIT,gas_fee_expense,80001,Gas fee expense,9.512252440434e-05,ETH,4100.627187,0.39006200966850757,True
0x7d0f05e68f3f11396bd47db0898eda0c2666465b59a79c38f896e3be1a08b538,gas_0x7d0f05,2025-10-12T18:47:59+00:00,generic,CONTRACT_CALL,Gas fee for unknown,auto_post,CREDIT,digital_assets_eth,10200,Digital Assets - ETH,9.512252440434e-05,ETH,4100.627187,0.39006200966850757,True
0xda6683e7263a1b75e6ad9f204407f4637327d4e5264f509d0ec6bc7dbb40f427,arcade_LoanRepaid_10524_b1ccc749,2025-10-12T04:02:11+00:00,arcade,LOAN_ORIGINATION,Arcade LoanRepaid - Loan #10524,auto_post,DEBIT,deemed_cash_usd,10000,Deemed cash - USD,1.136934794520548,WETH,3798.58259642,4318.740723730102,True
0xda6683e7263a1b75e6ad9f204407f4637327d4e5264f509d0ec6bc7dbb40f427,arcade_LoanRepaid_10524_b1ccc749,2025-10-12T04:02:11+00:00,arcade,LOAN_ORIGINATION,Arcade LoanRepaid - Loan #10524,auto_post,CREDIT,loan_receivable_cryptocurrency_weth,13510,Loan receivable - Cryptocurrency - WETH,1.13,WETH,3798.58259642,4292.398333954599,True
0xda6683e7263a1b75e6ad9f204407f4637327d4e5264f509d0ec6bc7dbb40f427,arcade_LoanRepaid_10524_b1ccc749,2025-10-12T04:02:11+00:00,arcade,LOAN_ORIGINATION,Arcade LoanRepaid - Loan #10524,auto_post,CREDIT,interest_receivable_cryptocurrency_weth,12510,Interest receivable - Cryptocurrency - WETH,0.006934794520547999,WETH,3798.58259642,26.342389775502404,True
0xda6683e7263a1b75e6ad9f204407f4637327d4e5264f509d0ec6bc7dbb40f427,arcade_LoanStarted_10587_fc69a4ce,2025-10-12T04:02:11+00:00,arcade,LOAN_ORIGINATION,Arcade LoanStarted - Loan #10587,auto_post,DEBIT,loan_receivable_cryptocurrency_weth,13510,Loan receivable - Cryptocurrency - WETH,1.13,WETH,3798.58259642,4292.398333954599,True
0xda6683e7263a1b75e6ad9f204407f4637327d4e5264f509d0ec6bc7dbb40f427,arcade_LoanStarted_10587_fc69a4ce,2025-10-12T04:02:11+00:00,arcade,LOAN_ORIGINATION,Arcade LoanStarted - Loan #10587,auto_post,CREDIT,deemed_cash_usd,10000,Deemed cash - USD,1.13,WETH,3798.58259642,4292.398333954599,True
