tx_hash,platform,category,timestamp,block,from_address,to_address,value_eth,eth_price,value_usd,gas_fee,function_name,posting_status,journal_entries_count,status
0xa10f34af4b42c4042c59b4c837da9c336ea92dabc65c88bee3218f6a9982d21b,generic,ETH_TRANSFER,2026-01-29T23:08:23+00:00,24343699,0xF9B64dc47dbE8c75f6FFC573cbC7599404bfe5A7,0x92171289A8C5e02fA51858181dB026A76eb746Bf,0.301498601166039,2811.6525,847.7092957149965,1.398833961e-06,transfer,auto_post,2,success
0x3c7c96bebabf108c63ab9ce9ac1db925d62cb4ecbf283113b07a2b2571f83abc,generic,WETH_UNWRAP,2026-01-29T23:06:23+00:00,24343689,0xF9B64dc47dbE8c75f6FFC573cbC7599404bfe5A7,0xC02aaA39b223FE8D0A0e5C4F27eAD9083C756Cc2,0.0,2811.6525,0.0,2.22770912e-06,withdraw,auto_post,1,success
0x58c7a29b29bf687ae0126c801146a7a13367fd1cba2ee892e52c318a1e3a039b,gondi,CONTRACT_CALL,2026-01-29T17:36:47+00:00,24342047,0xF9B64dc47dbE8c75f6FFC573cbC7599404bfe5A7,0xf41B389E0C1950dc0B16C9498eaE77131CC08A56,0.0,2843.74,0.0,0.000103184114,unknown,review_queue,0,success
0x7a3edfec2d971f282d573bf80d5cb571233df2a91bc31ab551a0767118a61799,gondi,CONTRACT_CALL,2026-01-29T17:35:59+00:00,24342043,0xF9B64dc47dbE8c75f6FFC573cbC7599404bfe5A7,0xf41B389E0C1950dc0B16C9498eaE77131CC08A56,0.0,2843.74,0.0,0.000108210561,unknown,review_queue,0,success
0x9bbde835d4753c101c5756901f9187a174edc08a737fdd63209db3af010722cb,gondi,CONTRACT_CALL,2026-01-29T17:30:47+00:00,24342017,0xF9B64dc47dbE8c75f6FFC573cbC7599404bfe5A7,0xf41B389E0C1950dc0B16C9498eaE77131CC08A56,0.0,2843.74,0.0,0.000128766533,unknown,review_queue,0,success
0x6a412a4e1ed8efd97e841385c9ef139d9414454a8010cb5b9c5ee977c9bd17ff,gondi,CONTRACT_CALL,2026-01-29T17:29:59+00:00,24342013,0xF9B64dc47dbE8c75f6FFC573cbC7599404bfe5A7,0xf41B389E0C1950dc0B16C9498eaE77131CC08A56,0.0,2843.74,0.0,0.000112270686,unknown,review_queue,0,success
0xbb63aee87d6f13f1ad020d16d4fd961ce66cb95cbed0b55b94886cc1aa91ab9a,gondi,CONTRACT_CALL,2026-01-29T17:29:23+00:00,24342010,0xF9B64dc47dbE8c75f6FFC573cbC7599404bfe5A7,0xf41B389E0C1950dc0B16C9498eaE77131CC08A56,0.0,2843.74,0.0,0.000128192745,unknown,review_queue,0,success
0xb6908b7d8813c183a2fdcbec12110048545f6667934072eab31cc5e6eb978e23,gondi,CONTRACT_CALL,2026-01-29T17:26:59+00:00,24341998,0xF9B64dc47dbE8c75f6FFC573cbC7599404bfe5A7,0xf41B389E0C1950dc0B16C9498eaE77131CC08A56,0.0,2843.74,0.0,0.0001070372786,unknown,review_queue,0,success
0x206338388b498034641a8271dcf5f968011754c5f1f5a7d051f1e691c89930bb,gondi,CONTRACT_CALL,2026-01-29T17:24:35+00:00,24341986,0xF9B64dc47dbE8c75f6FFC573cbC7599404bfe5A7,0xf41B389E0C1950dc0B16C9498eaE77131CC08A56,0.0,2843.74,0.0,0.00012224718,unknown,review_queue,0,success
0x64f75b3ced9e051412c12bde801040a280a5c3497e6d0cbce9a3991371e62d44,generic,ERC20_TRANSFER,2026-01-29T16:56:23+00:00,24341846,0xF9B64dc47dbE8c75f6FFC573cbC7599404bfe5A7,0x0000000000000068F116a894984e2DB1123eB395,6.6665,2810.01,18732.931665,0.000357973884,unknown,auto_post,2,success
0x1a4e636e92f1cae9b8f5d69cc959c5d74f70ca633e1f6515d00452f41ac380c3,gondi,CONTRACT_CALL,2026-01-29T16:40:47+00:00,24341768,0xF9B64dc47dbE8c75f6FFC573cbC7599404bfe5A7,0xf41B389E0C1950dc0B16C9498eaE77131CC08A56,0.0,2810.01,0.0,0.0002669766,unknown,review_queue,0,success
0xfd230971c0531dec26495d0198961ea2982aa95ccfade19e41947500a08de406,gondi,CONTRACT_CALL,2026-01-29T16:39:47+00:00,24341763,0xF9B64dc47dbE8c75f6FFC573cbC7599404bfe5A7,0xf41B389E0C1950dc0B16C9498eaE77131CC08A56,0.0,2810.01,0.0,0.00025011492,unknown,review_queue,0,success
0x7108bf3cacf1feca76b0932ee105dd4627743a6ad6c28c56d838d7842a66fc09,gondi,CONTRACT_CALL,2026-01-29T16:37:11+00:00,24341750,0xF9B64dc47dbE8c75f6FFC573cbC7599404bfe5A7,0xf41B389E0C1950dc0B16C9498eaE77131CC08A56,0.0,2810.01,0.0,0.00029031009,unknown,review_queue,0,success
0xb8b58879ed90a4b3620d4591bca72e69d7341babb4a215ef603263afacd4779c,gondi,CONTRACT_CALL,2026-01-29T16:11:59+00:00,24341625,0xF9B64dc47dbE8c75f6FFC573cbC7599404bfe5A7,0xf41B389E0C1950dc0B16C9498eaE77131CC08A56,0.0,2810.01,0.0,0.00042297287,unknown,review_queue,0,success
0x394403d07d94461dccc2691fd3c51a31d3b8954362a30bfad54e9be4046dcb89,gondi,CONTRACT_CALL,2026-01-29T16:11:23+00:00,24341622,0xF9B64dc47dbE8c75f6FFC573cbC7599404bfe5A7,0xf41B389E0C1950dc0B16C9498eaE77131CC08A56,0.0,2810.01,0.0,0.00043468957,unknown,review_queue,0,success
0xe65c91cecc3d3f314bba3f6604e287edaafbf6346713f729d105369cccf53ef6,gondi,CONTRACT_CALL,2026-01-29T16:01:35+00:00,24341573,0xF9B64dc47dbE8c75f6FFC573cbC7599404bfe5A7,0xf41B389E0C1950dc0B16C9498eaE77131CC08A56,0.0,2825.34,0.0,0.00061224715,unknown,review_queue,0,success
0x152bfcbc58f527ae200639e1a98720903d37f604ed0d84c52b150bec61e5c859,generic,ERC20_TRANSFER,2026-01-29T15:59:35+00:00,24341564,0xF9B64dc47dbE8c75f6FFC573cbC7599404bfe5A7,0x87870Bca3F3fD6335C3F4ce8392D69350B4fA4E2,1783.355589,2825.34,5038585.8798252605,0.000870366049,unknown,auto_post,2,success
0x55fe2fc46e6dc20b81a68ceddf57f1bfddc66f58a170c5cbc60e1db13208bb6b,gondi,CONTRACT_CALL,2026-01-29T15:58:35+00:00,24341559,0xF9B64dc47dbE8c75f6FFC573cbC7599404bfe5A7,0xf41B389E0C1950dc0B16C9498eaE77131CC08A56,0.0,2825.34,0.0,0.000739090063,unknown,review_queue,0,success
0x7d7288561f196f17f58e5d0f91f5ae0b98d70ecc2a7c5cf2803eb3585737d41a,gondi,CONTRACT_CALL,2026-01-29T15:58:11+00:00,24341557,0xF9B64dc47dbE8c75f6FFC573cbC7599404bfe5A7,0xf41B389E0C1950dc0B16C9498eaE77131CC08A56,0.0,2825.34,0.0,0.000811539172,unknown,review_queue,0,success
0x4324c055ad240e9cf795e68a2891da3d2f378f7713f03f5d8f42cdfe8d1319ce,gondi,CONTRACT_CALL,2026-01-29T15:56:35+00:00,24341549,0xF9B64dc47dbE8c75f6FFC573cbC7599404bfe5A7,0xf41B389E0C1950dc0B16C9498eaE77131CC08A56,0.0,2806.86413,0.0,0.000679811457,unknown,review_queue,0,success
0x4249eed3f95ea97287c182960ecf947ab5e7972201fe6690e96a687b896d38d9,generic,ETH_TRANSFER,2026-01-29T06:01:23+00:00,24338583,0xFAAb921aa89007BF8a68a303a60957E7700E87C9,0xF9B64dc47dbE8c75f6FFC573cbC7599404bfe5A7,1e-09,2955.58864851,2.9555886485100003e-06,1.128824655e-06,transfer,review_queue,0,success
0xaa8dca8e4df8ae2efd3a364f47066ff00123067f40b9bd6a15b389fab03fdc2b,generic,ETH_TRANSFER,2026-01-29T05:44:35+00:00,24338500,0xFaab3C1405E152fA8678257057D14B02D90217c9,0xF9B64dc47dbE8c75f6FFC573cbC7599404bfe5A7,1e-07,2955.58864851,0.00029555886485099997,8.98615746e-07,transfer,review_queue,0,success
0x1f8855984e6b099dfa2558305999ad74d88f4d48d118fca6c82956dbe95fe7b7,generic,ETH_TRANSFER,2026-01-29T04:42:11+00:00,24338190,0xFAAb921aa89007BF8a68a303a60957E7700E87C9,0xF9B64dc47dbE8c75f6FFC573cbC7599404bfe5A7,1e-09,2950.66,2.95066e-06,1.268369382e-06,transfer,review_queue,0,success
0x6abdabee9ea9224cdeeb02e9f09067057c3b4267c73db38aac815ea66af191c1,generic,ETH_TRANSFER,2026-01-28T22:08:59+00:00,24336234,0xFaab3C1405E152fA8678257057D14B02D90217c9,0xF9B64dc47dbE8c75f6FFC573cbC7599404bfe5A7,1e-07,3009.47933815,0.00030094793381499997,1.142969184e-06,transfer,review_queue,0,success
0xf01b865cfa9b34af16cfc04e8ee62599ebbb29cad7b732f9d5f30ecc4957136b,generic,ETH_TRANSFER,2026-01-28T21:06:23+00:00,24335921,0x8c8F07a0c773b940569042565a2503c1beC5F07f,0xF9B64dc47dbE8c75f6FFC573cbC7599404bfe5A7,1e-18,2994.01472909,2.9940147290900003e-15,3.910656057e-06,transfer,review_queue,0,success
0x88c447626dc234db0401b0c3c1373f9f1e13f2a977784f6d2e9f643d8c925e28,generic,ETH_TRANSFER,2026-01-28T21:05:59+00:00,24335919,0x8c8Af3f188949Ac80Cfb03DEB0B157904199b07f,0xF9B64dc47dbE8c75f6FFC573cbC7599404bfe5A7,1e-18,2994.01472909,2.9940147290900003e-15,3.884746299e-06,transfer,review_queue,0,success
0xcee4336e45ccc7f706069226899ef7614b7a02e7cd1cfd89f2f29f64d195c9bc,generic,ERC20_TRANSFER,2026-01-28T21:05:47+00:00,24335918,0xF9B64dc47dbE8c75f6FFC573cbC7599404bfe5A7,0xA0b86991c6218b36c1d19D4a2e9Eb0cE3606eB48,1500.444131,2994.01472909,4492351.828390645,3.78700433872e-06,transfer,auto_post,2,success
0x0f5a25f75bff8fb0abd7d3b3a5da8bc72a187a9a3f5ab553272863deea5d71ea,generic,ERC20_TRANSFER,2026-01-28T21:05:23+00:00,24335916,0xF9B64dc47dbE8c75f6FFC573cbC7599404bfe5A7,0xA0b86991c6218b36c1d19D4a2e9Eb0cE3606eB48,1500.444131,2994.01472909,4492351.828390645,4.48587801398e-06,transfer,auto_post,2,success
0x8b5368e72348eb5b79b8be88a7b988844f4826bfbd222b47e3af3449b7191bcf,generic,ERC20_TRANSFER,2026-01-27T23:10:35+00:00,24329366,0xF9B64dc47dbE8c75f6FFC573cbC7599404bfe5A7,0x87870Bca3F3fD6335C3F4ce8392D69350B4fA4E2,4000.0,3004.69062333,12018762.493320001,1.618777152e-05,unknown,auto_post,2,success
0x8b0644b00e9062c03862ef34279e66f138956c357910cba7b08c7e61887c14b3,gondi,CONTRACT_CALL,2026-01-27T18:43:47+00:00,24328040,0xF9B64dc47dbE8c75f6FFC573cbC7599404bfe5A7,0xf41B389E0C1950dc0B16C9498eaE77131CC08A56,0.0,2943.80783486,0.0,2.45906326e-05,unknown,review_queue,0,success
0x58e86f091d0d9308205fc880acf5b1dc03c7e6ee225ed713a12792de2ef38ee1,gondi,CONTRACT_CALL,2026-01-27T18:41:23+00:00,24328028,0xF9B64dc47dbE8c75f6FFC573cbC7599404bfe5A7,0xf41B389E0C1950dc0B16C9498eaE77131CC08A56,0.0,2943.80783486,0.0,3.48526502e-05,unknown,review_queue,0,success
0x351a32c6a2d130ad4f7568e4c5764a0ae164bf55ec47ecfb4a25b915b7a61714,gondi,CONTRACT_CALL,2026-01-27T18:37:47+00:00,24328010,0xF9B64dc47dbE8c75f6FFC573cbC7599404bfe5A7,0xf41B389E0C1950dc0B16C9498eaE77131CC08A56,0.0,2943.80783486,0.0,3.73362768e-05,unknown,review_queue,0,success
0x7c171154c1a139d2dc5c6212e5d06749e3e4c3fcea75b73708935b462652ac69,gondi,CONTRACT_CALL,2026-01-27T18:36:47+00:00,24328005,0xF9B64dc47dbE8c75f6FFC573cbC7599404bfe5A7,0xf41B389E0C1950dc0B16C9498eaE77131CC08A56,0.0,2943.80783486,0.0,3.81892761e-05,unknown,review_queue,0,success
0xce1362211105c6dbd93d742adab22b057220806ec4c1bc9cf921b5d9d929523e,gondi,CONTRACT_CALL,2026-01-27T18:35:47+00:00,24328000,0xF9B64dc47dbE8c75f6FFC573cbC7599404bfe5A7,0xf41B389E0C1950dc0B16C9498eaE77131CC08A56,0.0,2943.80783486,0.0,3.81483444e-05,unknown,review_queue,0,success
0x4a27e88a7331a027f838eaceabe03a7af5aa8a9adc47136b8608530a34c8a418,gondi,CONTRACT_CALL,2026-01-27T18:34:59+00:00,24327996,0xF9B64dc47dbE8c75f6FFC573cbC7599404bfe5A7,0xf41B389E0C1950dc0B16C9498eaE77131CC08A56,0.0,2943.80783486,0.0,3.86531687e-05,unknown,review_queue,0,success
0x6d6c5950057b2cc31bd32a07f33821f0c430b2b88abd4dc2875f522a4fa43d73,gondi,CONTRACT_CALL,2026-01-26T22:23:35+00:00,24321963,0xF9B64dc47dbE8c75f6FFC573cbC7599404bfe5A7,0xf41B389E0C1950dc0B16C9498eaE77131CC08A56,0.0,2924.65336304,0.0,7.73472691e-06,unknown,review_queue,0,success
0x953a8cb146ecd62260c0f895611f076a8c615fa2d56e7b08eb6c9e9ce4f5e753,gondi,CONTRACT_CALL,2026-01-26T22:22:47+00:00,24321959,0xF9B64dc47dbE8c75f6FFC573cbC7599404bfe5A7,0xf41B389E0C1950dc0B16C9498eaE77131CC08A56,0.0,2924.65336304,0.0,7.98031711e-06,unknown,review_queue,0,success
0x7e43ed909b84e605ff01ae6e30b7d3b9e9309b930a4311886ac361f7d8bcfa99,gondi,CONTRACT_CALL,2026-01-26T22:21:59+00:00,24321955,0xF9B64dc47dbE8c75f6FFC573cbC7599404bfe5A7,0xf41B389E0C1950dc0B16C9498eaE77131CC08A56,0.0,2924.65336304,0.0,7.67875862e-06,unknown,review_queue,0,success
0x14b3ae2710a60f598a120f6ec7b96d6d22a56f3c8cfe4b1aac9f2eab6d24675d,gondi,CONTRACT_CALL,2026-01-26T22:20:59+00:00,24321950,0xF9B64dc47dbE8c75f6FFC573cbC7599404bfe5A7,0xf41B389E0C1950dc0B16C9498eaE77131CC08A56,0.0,2924.65336304,0.0,8.66796967e-06,unknown,review_queue,0,success
0x188e7a4c30d730fff282165107dc1989def0a5cc4f05a07f1911c6a2b86a5872,gondi,CONTRACT_CALL,2026-01-26T22:20:23+00:00,24321947,0xF9B64dc47dbE8c75f6FFC573cbC7599404bfe5A7,0xf41B389E0C1950dc0B16C9498eaE77131CC08A56,0.0,2924.65336304,0.0,7.72107654e-06,unknown,review_queue,0,success
0x9a9f22cde380510d2b96131f07929c497277b42cb0efcca4e8d94e2b215f0155,gondi,CONTRACT_CALL,2026-01-26T22:08:11+00:00,24321886,0xF9B64dc47dbE8c75f6FFC573cbC7599404bfe5A7,0xf41B389E0C1950dc0B16C9498eaE77131CC08A56,0.0,2924.65336304,0.0,8.43824925e-06,unknown,review_queue,0,success
0xaa399afac990a91ca7f8722d4258370f85de09ec9458c48922a10d4089f858ce,generic,ERC20_TRANSFER,2026-01-26T21:27:47+00:00,24321684,0xF9B64dc47dbE8c75f6FFC573cbC7599404bfe5A7,0x87870Bca3F3fD6335C3F4ce8392D69350B4fA4E2,8.0,2905.15,23241.2,9.67640644e-06,unknown,auto_post,2,success
0xcb2442bf0d3fc8af4b1806246fde2e733e2f4c2d49c1652785af20f7ba41ce54,generic,ERC20_TRANSFER,2026-01-26T21:26:47+00:00,24321679,0xF9B64dc47dbE8c75f6FFC573cbC7599404bfe5A7,0x87870Bca3F3fD6335C3F4ce8392D69350B4fA4E2,15000.0,2905.15,43577250.0,1.841529704e-05,unknown,auto_post,2,success
0x9f2a6560b8669bf6630368a7feb80d99837561925ea20f07262bf1def9693b22,generic,ERC20_TRANSFER,2026-01-26T17:27:23+00:00,24320491,0xF9B64dc47dbE8c75f6FFC573cbC7599404bfe5A7,0x87870Bca3F3fD6335C3F4ce8392D69350B4fA4E2,2735.379368,2894.4618,7917451.089184142,2.83362624e-05,unknown,auto_post,2,success
0x232ea0266ceb740a1c3c230ad0a1cd8efbe99c1df3f51f3f32eec7b14b92ddf1,generic,ERC20_TRANSFER,2026-01-26T16:00:59+00:00,24320061,0xF9B64dc47dbE8c75f6FFC573cbC7599404bfe5A7,0x97D34635b605C2F1630D6b4c6C5D222B8a2ca47D,6.0,2894.858,17369.148,3.0269908e-05,unknown,auto_post,2,success
0x2f303ea5db0f3bbef5c29ced9f03a91e19f5d5d54c55af27d915206c31883d06,generic,CONTRACT_CALL,2026-01-26T15:59:59+00:00,24320056,0xF9B64dc47dbE8c75f6FFC573cbC7599404bfe5A7,0xC02aaA39b223FE8D0A0e5C4F27eAD9083C756Cc2,0.0,2894.858,0.0,2.2347448e-05,unknown,auto_post,1,success
0x16146ac65f3d8d7fc1157e384fd4b54c293dcb791bda291db6f51514ee73cdb5,generic,WETH_WRAP,2026-01-26T15:37:23+00:00,24319943,0xF9B64dc47dbE8c75f6FFC573cbC7599404bfe5A7,0xC02aaA39b223FE8D0A0e5C4F27eAD9083C756Cc2,4.19,2909.918091,12192.55680129,1.65169456e-05,deposit,auto_post,2,success
0xacf08000bfefde75c2f39668db2e364df2ee8a4e353dd6fb33160e64abf6335d,blur,LOAN_REPAYMENT,2026-01-26T15:34:59+00:00,24319931,0xF9B64dc47dbE8c75f6FFC573cbC7599404bfe5A7,0x29469395eAf6f95920E59F858042f0e28D98a20B,0.0,2924.55,0.0,8.522266e-05,Repay,review_queue,0,success
0x92bd7ab2bbda70b575040c77f5ec3d9c2158b4b8d3e8402309eb5b0548823a5e,blur,LOAN_REPAYMENT,2026-01-26T15:34:35+00:00,24319929,0xF9B64dc47dbE8c75f6FFC573cbC7599404bfe5A7,0x29469395eAf6f95920E59F858042f0e28D98a20B,0.0,2924.55,0.0,8.9292996e-05,Repay,review_queue,0,success
0x77f984aec500ed4315fc337c4923d0f5be320abb5c82710520322047db831a3a,blur,CONTRACT_CALL,2026-01-26T15:33:11+00:00,24319922,0xF9B64dc47dbE8c75f6FFC573cbC7599404bfe5A7,0x0000000000A39bb272e79075ade125fd351887Ac,7.0,2924.55,20471.850000000002,2.34213315e-05,unknown,review_queue,0,success
0xb16a2469c46234198fad56a7e1c2c94044c4fa5cb1be515443b58c059a021546,generic,ERC20_TRANSFER,2026-01-16T21:29:23+00:00,24249986,0x3b2A51FEC517BBc7fEaf68AcFdb068b57870713F,0xA0b86991c6218b36c1d19D4a2e9Eb0cE3606eB48,125.0,3297.51,412188.75,7.393952e-06,transfer,auto_post,2,success
0x09ab5635dca1e0bdf394ed9c65dd0f6e1ade42c9641211a05bc42ecb8cb730e4,generic,ERC20_TRANSFER,2026-01-16T21:28:59+00:00,24249984,0x3b2A51FEC517BBc7fEaf68AcFdb068b57870713F,0xA0b86991c6218b36c1d19D4a2e9Eb0cE3606eB48,125.0,3297.51,412188.75,8.273312e-06,transfer,auto_post,2,success
0x266633ee8aad8ad5b114e45382e8f9ac8f3ff7f9df051e82c85930f399bacb00,generic,ERC20_TRANSFER,2026-01-16T21:28:11+00:00,24249980,0x3b2A51FEC517BBc7fEaf68AcFdb068b57870713F,0xA0b86991c6218b36c1d19D4a2e9Eb0cE3606eB48,125.0,3297.51,412188.75,8.273312e-06,transfer,auto_post,2,success
0x0085d80bd983b911bc9c4b93203394ea323b81aa84f9195120ae3808b77a0a63,generic,ERC20_TRANSFER,2026-01-16T21:27:23+00:00,24249976,0x3b2A51FEC517BBc7fEaf68AcFdb068b57870713F,0xA0b86991c6218b36c1d19D4a2e9Eb0cE3606eB48,125.0,3297.51,412188.75,8.273312e-06,transfer,auto_post,2,success
0x934f5f233bd1b87e3b08607b9ad856e1fe1c5097513647a68aa3887e13e31585,generic,ERC20_TRANSFER,2026-01-16T21:26:35+00:00,24249972,0xF9B64dc47dbE8c75f6FFC573cbC7599404bfe5A7,0xA0b86991c6218b36c1d19D4a2e9Eb0cE3606eB48,500.0,3297.51,1648755.0,3.45102912e-06,transfer,auto_post,2,success
0x79bd311fd259abdcdf80f8ba5bf37096a65b355a7cc81504970fd0172dbaa617,arcade,LOAN_ORIGINATION,2025-11-24T16:01:35+00:00,23869769,0x943b28A07259b7F368657e47185693aC0021B639,0xB7BFcca7D7ff0f371867B770856FAc184B185878,0.0,2843.9049006,0.0,0.001436200008828975,LoanRepaid,auto_post,1,success
0x46d89255bc1996b0afd428fba4e251b78c3bf139593a948f93d97074261033ee,generic,ERC20_TRANSFER,2025-11-10T23:41:11+00:00,23772194,0x3b2A51FEC517BBc7fEaf68AcFdb068b57870713F,0xBd3531dA5CF5857e7CfAA92426877b022e612cf8,0.0,3565.59413272,0.0,1.152780080982e-05,unknown,review_queue,0,success
0x1c16d468e458a30ff42aefc95b3d9ee7a1bbfc8e70326d82a1aad909f3844f87,blur,COLLATERAL_SEIZURE,2025-11-10T23:35:35+00:00,23772166,0x3b2A51FEC517BBc7fEaf68AcFdb068b57870713F,0x29469395eAf6f95920E59F858042f0e28D98a20B,0.0,3565.59413272,0.0,1.2636577300098e-05,Seize,review_queue,0,success
0xd302368bafb8b93489b9174e907dfce2e79f7d4fded68c68c31c55d8339e6eb6,generic,CONTRACT_CALL,2025-11-10T23:32:23+00:00,23772150,0x3b2A51FEC517BBc7fEaf68AcFdb068b57870713F,0xC02aaA39b223FE8D0A0e5C4F27eAD9083C756Cc2,0.0,3565.59413272,0.0,5.3907184289556e-05,unknown,auto_post,1,success
0xa18640c8ae5edd9946529f425afd2a16afc80def32a15e3b88ad3e13de532ac7,generic,ERC20_TRANSFER,2025-11-06T21:16:47+00:00,23742865,0x3b2A51FEC517BBc7fEaf68AcFdb068b57870713F,0x0000000000c2d145a2526bD8C716263bFeBe1A72,0.0,3300.0094,0.0,0.000137453809537968,unknown,review_queue,0,success
0xa2a3e25f13ae4c1c26d36e7f46e8df998739b841bf93e397962cc8d4d5df915d,generic,ERC20_TRANSFER,2025-11-05T13:33:23+00:00,23733419,0x3b2A51FEC517BBc7fEaf68AcFdb068b57870713F,0xdFea2b364db868b1D2601D6B833d74Db4de94460,0.0,3339.2456615,0.0,4.9193381407808e-05,unknown,review_queue,0,success
0x73cf3919db7618f1cf6c97be692c764af91131026c4ba77bc5137f02141c09d8,arcade,LOAN_ORIGINATION,2025-11-04T08:24:11+00:00,23724745,0xCd8826a0298cfCd4eeB3a0c118a8aa664316Cd7A,0xB7BFcca7D7ff0f371867B770856FAc184B185878,0.0,3494.1307,0.0,0.00209251920807306,LoanRepaid,auto_post,2,success
0x7a5b2a03de32f85e286ca093ab0e5e4075717b51eabd23a8fbedc475d8789c4f,arcade,LOAN_ORIGINATION,2025-11-04T06:39:35+00:00,23724224,0xCd8826a0298cfCd4eeB3a0c118a8aa664316Cd7A,0xB7BFcca7D7ff0f371867B770856FAc184B185878,0.0,3518.22214,0.0,0.00169827020591232,LoanRepaid,auto_post,2,success
0xc53e4821ff9098790099051b4c867e1fcffbd149a339515b3300fc0e652f7f8c,arcade,LOAN_ORIGINATION,2025-11-04T06:06:59+00:00,23724061,0xCd8826a0298cfCd4eeB3a0c118a8aa664316Cd7A,0xB7BFcca7D7ff0f371867B770856FAc184B185878,0.0,3501.5,0.0,0.002637380645698448,LoanRepaid,auto_post,2,success
0x155dae13e2f5c583f2846ad311cf68d1d49379a80cc93dd9d5d1839bc163464d,arcade,LOAN_ORIGINATION,2025-11-04T05:58:59+00:00,23724021,0xCd8826a0298cfCd4eeB3a0c118a8aa664316Cd7A,0xB7BFcca7D7ff0f371867B770856FAc184B185878,0.0,3501.5,0.0,0.003019331164735424,LoanRepaid,auto_post,2,success
0x4cceba4f2b0071782b4d69ee13628f235c90442b6c6e133910c2526b63283f70,arcade,LOAN_ORIGINATION,2025-11-04T04:14:59+00:00,23723504,0xCd8826a0298cfCd4eeB3a0c118a8aa664316Cd7A,0xB7BFcca7D7ff0f371867B770856FAc184B185878,0.0,3648.21549088,0.0,0.001223310063947556,LoanRepaid,auto_post,2,success
0xde0ddd88d727a65f40f5fdca98fc6fa1363f46838b1db2978f9567ec2235d6f8,arcade,LOAN_ORIGINATION,2025-11-04T03:54:59+00:00,23723405,0xCd8826a0298cfCd4eeB3a0c118a8aa664316Cd7A,0xB7BFcca7D7ff0f371867B770856FAc184B185878,0.0,3648.21549088,0.0,0.001191168274215544,LoanRepaid,auto_post,2,success
0xd89f9d9a66da87a378e6becc11e28840472bcb05750c85bcd29b92e8ffb5d393,arcade,LOAN_ORIGINATION,2025-11-03T06:33:59+00:00,23717034,0xCd8826a0298cfCd4eeB3a0c118a8aa664316Cd7A,0xB7BFcca7D7ff0f371867B770856FAc184B185878,0.0,3730.458851,0.0,0.00116744419323196,LoanRepaid,auto_post,2,success
0x5527de9b8fde1b07df4264879f68f73e270c47bf7b46f9f272519fd51ca80634,arcade,LOAN_ORIGINATION,2025-11-03T06:03:35+00:00,23716883,0xCd8826a0298cfCd4eeB3a0c118a8aa664316Cd7A,0xB7BFcca7D7ff0f371867B770856FAc184B185878,0.0,3730.458851,0.0,0.001165540947806872,LoanRepaid,auto_post,2,success
0x8aba6b525bbd53e366ad42cdc23df9a403a1033b8c1c0f60dab531046258af0a,arcade,LOAN_ORIGINATION,2025-11-03T05:34:47+00:00,23716740,0xCd8826a0298cfCd4eeB3a0c118a8aa664316Cd7A,0xB7BFcca7D7ff0f371867B770856FAc184B185878,0.0,3746.34,0.0,0.001159918414701592,LoanRepaid,auto_post,2,success
0x1be634654de60a4c2c724f29263df82b02bf369d05494c85a7509892e572f968,arcade,LOAN_ORIGINATION,2025-11-01T23:38:35+00:00,23707812,0x50Cd286B00bDa2243EfF0148d46ea817E54C5411,0xB7BFcca7D7ff0f371867B770856FAc184B185878,0.0,3872.36,0.0,0.00115479571578368,LoanRepaid,auto_post,2,success
0xddf73afca2725e59df8a150e9fad52bcedd85b67bcd35e59dd5b308f3e77ef6e,arcade,LOAN_ORIGINATION,2025-10-25T16:14:47+00:00,23655598,0x943b28A07259b7F368657e47185693aC0021B639,0xB7BFcca7D7ff0f371867B770856FAc184B185878,0.0,3932.31370529,0.0,0.001145722013499294,LoanRepaid,auto_post,2,success
0x13523499b980ac7b18b492113beb25f96f95d0488fb7c91a72edc4b026803ee0,generic,CONTRACT_CALL,2025-10-24T03:20:35+00:00,23644608,0x3b2A51FEC517BBc7fEaf68AcFdb068b57870713F,0xC02aaA39b223FE8D0A0e5C4F27eAD9083C756Cc2,0.0,3888.203634,0.0,2.0831519893392e-05,unknown,auto_post,1,success
0xe0aa62a2080fed70d46ecb2e58cd4ccdbe34bd2e5c3c00c811774844f7f8bc7e,arcade,LOAN_ORIGINATION,2025-10-24T00:54:23+00:00,23643888,0xCd8826a0298cfCd4eeB3a0c118a8aa664316Cd7A,0xB7BFcca7D7ff0f371867B770856FAc184B185878,0.0,3875.19701742,0.0,0.0011799314537337,LoanRepaid,auto_post,2,success
0xcd0178a2a37632b38fc4a444e0bc94efdc88e286b247802c9bbecb9af2d0af6b,arcade,LOAN_ORIGINATION,2025-10-24T00:54:11+00:00,23643887,0xCd8826a0298cfCd4eeB3a0c118a8aa664316Cd7A,0xB7BFcca7D7ff0f371867B770856FAc184B185878,0.0,3875.19701742,0.0,0.001173980887743688,LoanRepaid,auto_post,2,success
0x96cdc8b1976c7c8b407780906bca46f8054effcd50846c2a55a4b1b0710e3745,arcade,LOAN_ORIGINATION,2025-10-24T00:53:47+00:00,23643885,0xCd8826a0298cfCd4eeB3a0c118a8aa664316Cd7A,0xB7BFcca7D7ff0f371867B770856FAc184B185878,0.0,3875.19701742,0.0,0.00117746996931024,LoanRepaid,auto_post,2,success
0xcce4f53631262fac5c0e46b77e6ae5df44c76b938fb298da53e6d17955997e31,arcade,LOAN_ORIGINATION,2025-10-24T00:53:35+00:00,23643884,0xCd8826a0298cfCd4eeB3a0c118a8aa664316Cd7A,0xB7BFcca7D7ff0f371867B770856FAc184B185878,0.0,3875.19701742,0.0,0.001177955916178256,LoanRepaid,auto_post,2,success
0x97fcd66ba478f8943e9959dedb1644d75dc3fdb96c74774538d8d66f57d14b1f,arcade,LOAN_ORIGINATION,2025-10-24T00:53:35+00:00,23643884,0xCd8826a0298cfCd4eeB3a0c118a8aa664316Cd7A,0xB7BFcca7D7ff0f371867B770856FAc184B185878,0.0,3875.19701742,0.0,0.001178048063094568,LoanRepaid,auto_post,2,success
0x45f6ca761066dc7c36f5ea9b6a3e4da2ea6726c1f540c76fece75eb108b47606,arcade,LOAN_ORIGINATION,2025-10-24T00:53:23+00:00,23643883,0xCd8826a0298cfCd4eeB3a0c118a8aa664316Cd7A,0xB7BFcca7D7ff0f371867B770856FAc184B185878,0.0,3875.19701742,0.0,0.001177695923229512,LoanRepaid,auto_post,2,success
0xf73e9a241b6d7b959814182c1cd00632b978b103f59c36e694424d0a65162a9f,arcade,LOAN_ORIGINATION,2025-10-24T00:53:11+00:00,23643882,0xCd8826a0298cfCd4eeB3a0c118a8aa664316Cd7A,0xB7BFcca7D7ff0f371867B770856FAc184B185878,0.0,3875.19701742,0.0,0.00117869376244808,LoanRepaid,auto_post,2,success
0xd6bb174cde84c0dff0499c2b23a84f172047c5acfbee78889d118d8b3a05504f,arcade,LOAN_ORIGINATION,2025-10-24T00:52:59+00:00,23643881,0xCd8826a0298cfCd4eeB3a0c118a8aa664316Cd7A,0xB7BFcca7D7ff0f371867B770856FAc184B185878,0.0,3875.19701742,0.0,0.001180163786566856,LoanRepaid,auto_post,2,success
0x1e90e7bfa6de3506a3d440c4feb96b49a15fd88b592ffa24a42d043bf7782177,arcade,LOAN_ORIGINATION,2025-10-24T00:51:23+00:00,23643873,0xCd8826a0298cfCd4eeB3a0c118a8aa664316Cd7A,0xB7BFcca7D7ff0f371867B770856FAc184B185878,0.0,3875.19701742,0.0,0.001190571879213376,LoanRepaid,auto_post,2,success
0x1dc7e0c81c09ccbbe2fd50878aec2627650c1e0e1ddd39faf4b0d57238987551,arcade,LOAN_ORIGINATION,2025-10-24T00:49:59+00:00,23643866,0xCd8826a0298cfCd4eeB3a0c118a8aa664316Cd7A,0xB7BFcca7D7ff0f371867B770856FAc184B185878,0.0,3853.4245,0.0,0.001174678750211712,LoanRepaid,auto_post,2,success
0xa27ed41674434886eb07598999547ec6d6d82a7acc9c9141f054dcbece37a426,arcade,LOAN_ORIGINATION,2025-10-24T00:49:35+00:00,23643864,0xCd8826a0298cfCd4eeB3a0c118a8aa664316Cd7A,0xB7BFcca7D7ff0f371867B770856FAc184B185878,0.0,3853.4245,0.0,0.00117466853500568,LoanRepaid,auto_post,2,success
0xc35ad140c1335bae470b0129310eb46ddb5eb1e4c5e1ab4e5bcca8953d067c1e,arcade,LOAN_ORIGINATION,2025-10-24T00:49:23+00:00,23643863,0xCd8826a0298cfCd4eeB3a0c118a8aa664316Cd7A,0xB7BFcca7D7ff0f371867B770856FAc184B185878,0.0,3853.4245,0.0,0.001176975785358568,LoanRepaid,auto_post,2,success
0x372879653066330e746e4f5cd6df79e435c57853227b64c84363d419b6795620,arcade,LOAN_ORIGINATION,2025-10-24T00:49:11+00:00,23643862,0xCd8826a0298cfCd4eeB3a0c118a8aa664316Cd7A,0xB7BFcca7D7ff0f371867B770856FAc184B185878,0.0,3853.4245,0.0,0.00117476854812574,LoanRepaid,auto_post,2,success
0x3936a9a9f762e9ca9be642d87ee1c6ba00b869f23418411104c41770bc71ab38,arcade,LOAN_ORIGINATION,2025-10-24T00:45:59+00:00,23643847,0xCd8826a0298cfCd4eeB3a0c118a8aa664316Cd7A,0xB7BFcca7D7ff0f371867B770856FAc184B185878,0.0,3853.4245,0.0,5.285040363492e-05,LoanRepaid,auto_post,2,success
0x1f6a281258bf26d78fdd5f0e3a8d2aaf3fe4f77abd7940340d3bf8541a64d6dd,arcade,LOAN_ORIGINATION,2025-10-24T00:45:35+00:00,23643845,0xCd8826a0298cfCd4eeB3a0c118a8aa664316Cd7A,0xB7BFcca7D7ff0f371867B770856FAc184B185878,0.0,3853.4245,0.0,5.1024456971384e-05,LoanRepaid,auto_post,2,success
0x8389bffd05823f5cb325b54f56bc6564381e3ae0349fef55b713dfe25e028318,arcade,LOAN_ORIGINATION,2025-10-24T00:45:35+00:00,23643845,0xCd8826a0298cfCd4eeB3a0c118a8aa664316Cd7A,0xB7BFcca7D7ff0f371867B770856FAc184B185878,0.0,3853.4245,0.0,5.1026271225904e-05,LoanRepaid,auto_post,2,success
0xbf60e2b9a3fad1896c35b212f451f5be21cba00104c404c283042807bdaded91,arcade,LOAN_ORIGINATION,2025-10-24T00:45:11+00:00,23643843,0xCd8826a0298cfCd4eeB3a0c118a8aa664316Cd7A,0xB7BFcca7D7ff0f371867B770856FAc184B185878,0.0,3853.4245,0.0,0.001171883928240444,LoanRepaid,auto_post,2,success
0x8fb89aaf02af32044d59050c5437c947c510558376d2dc34c507dcbe3c8a9079,arcade,LOAN_ORIGINATION,2025-10-24T00:42:59+00:00,23643832,0xCd8826a0298cfCd4eeB3a0c118a8aa664316Cd7A,0xB7BFcca7D7ff0f371867B770856FAc184B185878,0.0,3853.4245,0.0,0.0011793537755186,LoanRepaid,auto_post,2,success
0x4274aa172fa0adbc88dd1e96fb435cf890f975bbf092054f516e0ac47349ced0,arcade,LOAN_ORIGINATION,2025-10-24T00:42:23+00:00,23643829,0xCd8826a0298cfCd4eeB3a0c118a8aa664316Cd7A,0xB7BFcca7D7ff0f371867B770856FAc184B185878,0.0,3853.4245,0.0,0.001180599344927288,LoanRepaid,auto_post,2,success
0x354d3cf05c535206a4e226a5dff0d319d71394a49dff5b3ad0a1f8d30b4b76f2,arcade,LOAN_ORIGINATION,2025-10-24T00:40:59+00:00,23643822,0xCd8826a0298cfCd4eeB3a0c118a8aa664316Cd7A,0xB7BFcca7D7ff0f371867B770856FAc184B185878,0.0,3853.4245,0.0,0.001182803849927288,LoanRepaid,auto_post,2,success
0xf886286c076ab94d202e64c673642543d1799db7173a4928ac6ee7171e1a9102,arcade,LOAN_ORIGINATION,2025-10-24T00:40:47+00:00,23643821,0xCd8826a0298cfCd4eeB3a0c118a8aa664316Cd7A,0xB7BFcca7D7ff0f371867B770856FAc184B185878,0.0,3853.4245,0.0,0.001176320177855728,LoanRepaid,auto_post,2,success
0xa31cd07cafd8c5f370f5a95bb554f30f54ac2dfc99c113bf6e0bb3bd435c27cd,generic,ERC20_TRANSFER,2025-10-13T00:22:23+00:00,23565191,0x3b2A51FEC517BBc7fEaf68AcFdb068b57870713F,0xA0b86991c6218b36c1d19D4a2e9Eb0cE3606eB48,3242.637831,4178.32,13548778.502023919,9.529367153748e-05,transfer,auto_post,2,success
0x7d0f05e68f3f11396bd47db0898eda0c2666465b59a79c38f896e3be1a08b538,generic,CONTRACT_CALL,2025-10-12T18:47:59+00:00,23563530,0x3b2A51FEC517BBc7fEaf68AcFdb068b57870713F,0xC02aaA39b223FE8D0A0e5C4F27eAD9083C756Cc2,0.0,4100.627187,0.0,9.512252440434e-05,unknown,auto_post,1,success
0x4de185b2a4666ee7cb10502bd44389f71972427c70bef5e4c798a64875a3ddfa,generic,ERC20_TRANSFER,2025-10-07T19:37:59+00:00,23528014,0x3b2A51FEC517BBc7fEaf68AcFdb068b57870713F,0xA0b86991c6218b36c1d19D4a2e9Eb0cE3606eB48,3000.0,4485.41,13456230.0,7.9785561945628e-05,transfer,auto_post,2,success
0x80e7653f16f3884499a42bdd5b71bb226bd8a1310a6411b468fb365f562efe98,generic,CONTRACT_CALL,2025-10-05T15:51:59+00:00,23512580,0x3b2A51FEC517BBc7fEaf68AcFdb068b57870713F,0xC02aaA39b223FE8D0A0e5C4F27eAD9083C756Cc2,0.0,4533.7,0.0,3.4110604920132e-05,unknown,auto_post,1,success
0x1e0475e8c233bfc5d9a5603d924120fce7a988caaf82cb28b650cc5d4d230c0f,generic,CONTRACT_CALL,2025-10-02T12:44:47+00:00,23490181,0x3b2A51FEC517BBc7fEaf68AcFdb068b57870713F,0xC02aaA39b223FE8D0A0e5C4F27eAD9083C756Cc2,0.0,4384.70093,0.0,4.7117408994864e-05,unknown,auto_post,1,success
0xd3c7c1fa674560c8db7ba9b2cd8b07404fc9028ab1c7c3c4ef558d3938c493d9,generic,ERC20_TRANSFER,2025-09-28T14:12:11+00:00,23462012,0x3b2A51FEC517BBc7fEaf68AcFdb068b57870713F,0x0000000000c2d145a2526bD8C716263bFeBe1A72,0.0,4013.76989131,0.0,7.899694716048e-05,unknown,review_queue,0,success
0x0d22c5e8df545b6416c4854e0b0b8a1bc4f1d7b8bc898c59e20c62b69601d986,generic,CONTRACT_CALL,2025-09-26T15:00:35+00:00,23447946,0x3b2A51FEC517BBc7fEaf68AcFdb068b57870713F,0xC02aaA39b223FE8D0A0e5C4F27eAD9083C756Cc2,0.0,3943.11,0.0,5.837335286202e-05,unknown,auto_post,1,success
0x25ebb1d0d9bbee297309d8190b0ce8e6f05515a4f15a81261bb3bad872c5eacb,generic,CONTRACT_CALL,2025-09-25T15:52:11+00:00,23441066,0x3b2A51FEC517BBc7fEaf68AcFdb068b57870713F,0xC02aaA39b223FE8D0A0e5C4F27eAD9083C756Cc2,0.0,3997.21,0.0,0.000100916411057046,unknown,auto_post,1,success
0x04aafda75c7d98dc9bcffcd287f33a780f2eb040654f885ca9ac493715eb2696,generic,CONTRACT_CALL,2025-09-22T16:29:35+00:00,23419764,0x3b2A51FEC517BBc7fEaf68AcFdb068b57870713F,0xC02aaA39b223FE8D0A0e5C4F27eAD9083C756Cc2,0.0,4180.915073,0.0,4.577115453066e-05,unknown,auto_post,1,success
0xab2ea0a95366d6b15a6145fdb9e8a5f8ac960211d4414d3b180c4bd2a1f28baa,generic,ETH_TRANSFER,2025-09-19T13:19:59+00:00,23397383,0x3b2A51FEC517BBc7fEaf68AcFdb068b57870713F,0xF9B64dc47dbE8c75f6FFC573cbC7599404bfe5A7,4.34,4521.97,19625.3498,1.6787674806e-05,transfer,auto_post,2,success
0x96f4d44e5af2adfc2160643096a26615f2aa75363bf2cc8d47551581dc54805a,generic,CONTRACT_CALL,2025-09-19T13:19:23+00:00,23397380,0x3b2A51FEC517BBc7fEaf68AcFdb068b57870713F,0xC02aaA39b223FE8D0A0e5C4F27eAD9083C756Cc2,0.0,4521.97,0.0,2.2836164536368e-05,unknown,auto_post,1,success
0xaba3c951f834438832e248497488ea2d784ed44887744f29c21dea0458140ef6,generic,ETH_TRANSFER,2025-09-18T05:43:59+00:00,23387952,0x450a6049e00C72c8205424a1F3D752aD06382fB9,0x3b2A51FEC517BBc7fEaf68AcFdb068b57870713F,3.45,4606.91199916,15893.846397102001,7.862078679e-06,transfer,review_queue,1,success
0xc251a3bf51099511f55cab72f7b60e2a1e6de8e91be183540b956f2148f70819,generic,ETH_TRANSFER,2025-09-18T05:15:35+00:00,23387811,0x450a6049e00C72c8205424a1F3D752aD06382fB9,0x3b2A51FEC517BBc7fEaf68AcFdb068b57870713F,0.9,4606.91199916,4146.220799244,1.4523916554e-05,transfer,review_queue,1,success
0xaef822455b99aca70a097381ee86e6a4b8751cb9f177ef67f6c345de16c57bce,generic,ERC20_TRANSFER,2025-09-11T04:24:23+00:00,23337417,0x3b2A51FEC517BBc7fEaf68AcFdb068b57870713F,0x0000000000c2d145a2526bD8C716263bFeBe1A72,0.0,4395.94819124,0.0,0.000186801145810944,unknown,review_queue,0,success
0x7aa184da3655cf9207a5f1198c96d78f98fba5e52def0a176f63e3cceb4cc0f5,generic,CONTRACT_CALL,2025-09-11T04:18:35+00:00,23337388,0x3b2A51FEC517BBc7fEaf68AcFdb068b57870713F,0xC02aaA39b223FE8D0A0e5C4F27eAD9083C756Cc2,0.0,4395.94819124,0.0,2.0199733489962e-05,unknown,auto_post,1,success
0x0eccdaaacef5b8159319844bf1d53cd75057330a920c7521d84c5df44f27142c,generic,CONTRACT_CALL,2025-09-10T17:41:11+00:00,23334222,0x3b2A51FEC517BBc7fEaf68AcFdb068b57870713F,0xC02aaA39b223FE8D0A0e5C4F27eAD9083C756Cc2,0.0,4347.427594,0.0,5.659237730016e-05,unknown,auto_post,1,success
0xf5678705359081a59514997dea549bf3511735e962d295550c135683ba4b35de,generic,ERC20_TRANSFER,2025-09-10T15:06:59+00:00,23333466,0x3b2A51FEC517BBc7fEaf68AcFdb068b57870713F,0x0000000000c2d145a2526bD8C716263bFeBe1A72,0.0,4408.38,0.0,0.001286345221728609,unknown,review_queue,0,success
0x6af96eb8c334c03c31c380dc143fe44d47f11c85a85043f080f147fe5636c422,generic,CONTRACT_CALL,2025-09-10T14:54:11+00:00,23333404,0x3b2A51FEC517BBc7fEaf68AcFdb068b57870713F,0xC02aaA39b223FE8D0A0e5C4F27eAD9083C756Cc2,0.0,4408.38,0.0,8.9058299659524e-05,unknown,auto_post,1,success
0xfebf885c0d81099fa367aec9499402286e42d0394fd13ae0167782c8873d75f5,generic,ETH_TRANSFER,2025-09-08T20:55:23+00:00,23320892,0xF9B6BC2C5B2da3ff8c413570cad6bcB34DB205A7,0x3b2A51FEC517BBc7fEaf68AcFdb068b57870713F,1e-09,4297.026029,4.297026029e-06,5.693037945e-06,transfer,review_queue,0,success
0x9dd5ef274cf8a7d6e2319e03dbfb410d6cee7364e87d2ab01ac3bb65bfa32b38,generic,ETH_TRANSFER,2025-09-08T17:41:23+00:00,23319929,0x3b2A51FEC517BBc7fEaf68AcFdb068b57870713F,0xF9B64dc47dbE8c75f6FFC573cbC7599404bfe5A7,9.238,4332.24,40021.23312,2.2747742808e-05,transfer,auto_post,2,success
0xd4e7733b934296dd49ed54bb4fb2eceb93be60158c6e9844ece92961b82582a9,generic,ERC20_TRANSFER,2025-09-05T02:24:23+00:00,23293903,0x3b2A51FEC517BBc7fEaf68AcFdb068b57870713F,0xa7d8d9ef8D8Ce8992Df33D8b8CF4Aebabd5bD270,0.0,4306.65,0.0,2.6828839120626e-05,unknown,review_queue,0,success
0x30ba72715c6bcd7c9cb05d411c419ae7055f4d939f62a4d5b3876c641b853285,arcade,COLLATERAL_SEIZURE,2025-09-05T01:48:47+00:00,23293727,0x3b2A51FEC517BBc7fEaf68AcFdb068b57870713F,0x74241e1A9c021643289476426B9B70229Ab40D53,0.0,4330.0298244,0.0,0.000236424667001472,LoanClaimed,auto_post,1,success
0x3fa82c705d013af00ed29021a53bd5a111a6f36055aee07064739f9487fd4239,generic,CONTRACT_CALL,2025-09-01T13:46:11+00:00,23268673,0x3b2A51FEC517BBc7fEaf68AcFdb068b57870713F,0xC02aaA39b223FE8D0A0e5C4F27eAD9083C756Cc2,0.0,4394.47498605,0.0,0.000646134923644002,unknown,auto_post,1,success
0x2fef05b6a498c10b29bd1de0827ccfc617ce3499c4844b20d2a1b1fb442e37aa,generic,CONTRACT_CALL,2025-09-01T13:44:11+00:00,23268663,0x3b2A51FEC517BBc7fEaf68AcFdb068b57870713F,0x0000000000000068F116a894984e2DB1123eB395,0.0,4394.47498605,0.0,0.001292115506820265,unknown,review_queue,0,success
0x8998bc1e5a5319dcac3bf8d32083aff0769cb2d9cb68be2aca666916f4f2ed8f,generic,CONTRACT_CALL,2025-09-01T13:38:23+00:00,23268634,0x3b2A51FEC517BBc7fEaf68AcFdb068b57870713F,0xb2ecfE4E4D61f8790bbb9DE2D1259B9e2410CEA5,0.0,4407.29,0.0,0.001310115111424868,unknown,review_queue,0,success
0x4a0980d65676c651ceca058f984b44d817649f22ac81d935672dadb0d6002580,generic,ERC20_TRANSFER,2025-08-31T03:45:11+00:00,23258520,0x3b2A51FEC517BBc7fEaf68AcFdb068b57870713F,0xA0b86991c6218b36c1d19D4a2e9Eb0cE3606eB48,908.508648,4448.28,4041300.8487254395,2.592033814328e-05,transfer,auto_post,2,success
0x6f142a2eb079d781130d1648affcdb8a06f67e44b0981bf865d0eb5bf324e2a4,generic,CONTRACT_CALL,2025-08-27T14:32:23+00:00,23233072,0x3b2A51FEC517BBc7fEaf68AcFdb068b57870713F,0xb2ecfE4E4D61f8790bbb9DE2D1259B9e2410CEA5,0.0,4657.82095629,0.0,6.7073663035988e-05,unknown,review_queue,0,success
0xfb1215a48db2377dcae72c187a36da557bc790ca9e541e4fc4682e0a57e794cc,generic,CONTRACT_CALL,2025-08-27T12:29:59+00:00,23232466,0x3b2A51FEC517BBc7fEaf68AcFdb068b57870713F,0xBC4CA0EdA7647A8aB7C2061c2E118A18a936f13D,0.0,4600.51,0.0,3.887953763928e-05,unknown,review_queue,0,success
0x835ac69a8e136d0395fd2a5c2fc6a56ed970b9212b501c1c9a04cab6531c67e2,blur,COLLATERAL_SEIZURE,2025-08-27T12:25:47+00:00,23232445,0x3b2A51FEC517BBc7fEaf68AcFdb068b57870713F,0x29469395eAf6f95920E59F858042f0e28D98a20B,0.0,4600.51,0.0,0.00010620085938541,Seize,review_queue,0,success
0x3a8c8d1b2a98e9bedb862f0172e215c5223264ec9f207881939b6512acbae4f7,generic,ETH_TRANSFER,2025-08-25T22:50:23+00:00,23221219,0x3b2A51FEC517BBc7fEaf68AcFdb068b57870713F,0xF9B64dc47dbE8c75f6FFC573cbC7599404bfe5A7,1.54,4415.74204147,6800.242743863801,2.9756931288e-05,transfer,auto_post,2,success
0x2c5bc8a75345be4264629d278ca5ff11f706053ee79495bbdc50f9c55ef439ac,blur,CONTRACT_CALL,2025-08-25T22:47:47+00:00,23221206,0x3b2A51FEC517BBc7fEaf68AcFdb068b57870713F,0x0000000000A39bb272e79075ade125fd351887Ac,0.0,4415.74204147,0.0,5.4407016967049e-05,unknown,review_queue,0,success
0xd19cc54dc76d80bf28d5e847c546dc08c26073661cbba94eeb03b9a7eab430e9,generic,CONTRACT_CALL,2025-08-25T14:15:47+00:00,23218656,0x3b2A51FEC517BBc7fEaf68AcFdb068b57870713F,0xC02aaA39b223FE8D0A0e5C4F27eAD9083C756Cc2,0.0,4662.86,0.0,5.4869306916996e-05,unknown,auto_post,1,success
0x013a210b089c355b6a615d39674bbec9b3b3d8c4b030bcb9a3656122343be352,generic,ETH_TRANSFER,2025-08-25T07:09:11+00:00,23216531,0xf9b6cA28989B3b41B7310d51C8Ead69a8716E5A7,0x3b2A51FEC517BBc7fEaf68AcFdb068b57870713F,1e-06,4629.1966,0.0046291966,5.317634511e-06,transfer,review_queue,0,success
0xa977f19c5c9ca682707ce9cbbf8b2bb2f4963be21da84b8f29121ab8a371c6f7,generic,ETH_TRANSFER,2025-08-25T07:06:59+00:00,23216520,0xF9B6BC2C5B2da3ff8c413570cad6bcB34DB205A7,0x3b2A51FEC517BBc7fEaf68AcFdb068b57870713F,1e-07,4629.1966,0.00046291966,5.229060732e-06,transfer,review_queue,0,success
0xa510bdc4b8e53346ce911f09b2ec0077c705f17e2ba38554f7383c2a8ee6dc79,generic,ETH_TRANSFER,2025-08-25T06:02:59+00:00,23216200,0xf9b6cA28989B3b41B7310d51C8Ead69a8716E5A7,0x3b2A51FEC517BBc7fEaf68AcFdb068b57870713F,1e-06,4704.53835262,0.00470453835262,3.236967657e-06,transfer,review_queue,0,success
0x855a9c2edb2f124b0235e3487ade86c452aa6b1341bbdd4d7fe4f7edb61d42ef,generic,ETH_TRANSFER,2025-08-25T06:00:23+00:00,23216187,0xF9B6BC2C5B2da3ff8c413570cad6bcB34DB205A7,0x3b2A51FEC517BBc7fEaf68AcFdb068b57870713F,1e-07,4704.53835262,0.000470453835262,3.43744548e-06,transfer,review_queue,0,success
0xf1e3395ade2b19d9587a5d4f9ebaf32d9b789e7854a5c956138a3bd37cb1d871,generic,ETH_TRANSFER,2025-08-25T05:48:23+00:00,23216127,0x3b2A51FEC517BBc7fEaf68AcFdb068b57870713F,0xF9B64dc47dbE8c75f6FFC573cbC7599404bfe5A7,7.79,4704.53835262,36648.3537669098,1.354713339e-05,transfer,auto_post,2,success
0x7c421c67865d1f05305b75249535be6165bc26bbd03b5930deb02a6853a18c34,blur,CONTRACT_CALL,2025-08-25T05:47:23+00:00,23216122,0x3b2A51FEC517BBc7fEaf68AcFdb068b57870713F,0x0000000000A39bb272e79075ade125fd351887Ac,0.0,4704.53835262,0.0,6.039616080816e-06,unknown,review_queue,0,success
0x199fc20cfb425840276264dc9559e422fc0788308c30691f989694459db5ba3f,generic,ETH_TRANSFER,2025-08-25T02:51:11+00:00,23215244,0x3b2A51FEC517BBc7fEaf68AcFdb068b57870713F,0xF9B64dc47dbE8c75f6FFC573cbC7599404bfe5A7,0.6468,4760.911712,3079.3576953216,8.213130156e-06,transfer,auto_post,2,success
0xcac60643d7f52c101612e1259b53c41a46708202d2b21282b74a25f8ab5e7bde,blur,CONTRACT_CALL,2025-08-25T02:50:47+00:00,23215242,0x3b2A51FEC517BBc7fEaf68AcFdb068b57870713F,0x0000000000A39bb272e79075ade125fd351887Ac,0.0,4760.911712,0.0,7.394085561984e-06,unknown,review_queue,0,success
